phenotype,gene_1,gene_2,gene_3,gene_4,gene_5,gene_6,gene_7,gene_8,gene_9,gene_10,gene_11,gene_12,gene_13,gene_14,gene_15,gene_16,gene_17,gene_18,gene_19,gene_20,gene_21,gene_22,gene_23,gene_24,gene_25,gene_26,gene_27,gene_28,gene_29,gene_30,gene_31,gene_32,gene_33,gene_34,gene_35,gene_36,gene_37,gene_38,gene_39,gene_40,gene_41,gene_42,gene_43,gene_44,gene_45,gene_46,gene_47,gene_48,gene_49,gene_50
106,13.36354618,9.278574905,5.358185244,0,9.765872838,8.267273602,8.848566609,8.651335178,0,8.002229945,8.366921027,8.514351116,10.88778418,0,9.77478706,5.190678066,3.764462935,12.25917831,11.21867826,10.83240745,2.571919463,8.963477014,10.99602854,10.28782779,0,9.988457473,3.559663115,10.17844077,11.03106017,0,3.856906036,9.876285176,12.3811725,1.02446153,1.484705299,3.811429928,7.298979001,6.028980156,2.052241981,7.156204455,9.181365974,6.790667793,8.51966377,8.670567738,5.904553943,9.069908886,0.925467801,13.73550314,8.783810213,9.430136797
109,13.04624753,11.94118703,6.384982282,0,8.924542344,8.799203898,9.670268528,8.171432031,1.096936483,6.360193939,9.221483205,8.613461668,9.515350948,0,9.157463155,6.023834177,2.546091882,12.52257418,10.91679757,11.27160309,0,9.275509966,10.87847247,10.27732228,0.361431504,10.53961443,4.10685917,9.382163588,13.28912553,0,4.387617582,9.704643759,11.84798125,1.147827668,1.712771842,3.165542176,7.152081989,3.956205376,1.712771842,8.527015583,9.119561091,7.666500974,9.198592373,8.63014333,4.655506395,7.797830101,0.650305029,13.73235825,9.361079652,8.794584821
119,13.09721079,9.040640419,4.770866038,0,9.704100763,7.710613602,8.763461372,8.279875186,0.471759742,8.292386058,8.464962265,8.098363759,9.326175532,0,10.08980797,2.393553489,3.362133197,12.6640739,11.15522935,11.2934774,2.59170335,9.319204693,11.12556845,10.2246288,0.826680675,9.593609612,0,9.201876413,12.85661227,0,3.82277093,9.91877083,11.29125129,0,0,3.61075911,9.226303806,4.888567923,1.731487392,8.571475832,8.162089162,7.402986451,9.271245907,9.998942951,6.334062286,6.989695355,0,13.80455457,9.067929068,7.143628107
93,15.18750286,8.813056456,5.511784274,0,9.434127784,9.329489158,10.59250376,7.566518367,4.776025006,7.920995895,8.632911613,8.309035179,10.4986099,0.70354372,10.77590653,8.046338261,2.984388836,11.85156557,9.509466246,10.45843737,0.70354372,8.616835516,10.44093144,9.815484169,1.174470338,9.902379637,5.749453818,8.294671288,9.954149771,0,2.984388836,9.618460755,11.09767005,0,0,4.21715315,9.311048932,6.574106051,4.52348041,6.834610098,10.4642292,8.637472589,8.434903398,8.889616515,2.984388836,7.276040633,3.950123097,14.34258863,9.908995994,12.04979411
84,14.07675715,7.670217178,4.338645473,0,10.9502351,9.461947991,9.954554031,9.51250345,0,5.813360504,7.406502657,6.645652669,10.00527366,0,6.659796148,5.721960446,2.68362909,13.19178254,9.930695948,10.7923104,0,8.55760155,10.46596426,10.45028337,0,10.24633682,4.50455048,6.774721182,9.236042902,0,3.06994271,11.05293479,11.91897129,0,0.990083536,3.374343989,9.280504009,3.625574429,2.68362909,10.25102077,9.960993806,6.819502141,9.416860849,9.173679634,3.152264558,4.762205283,2.154485998,13.13715286,9.657865052,7.594929177
94,14.7439876,9.407958138,4.707259728,0,9.511879131,8.781084264,9.741756845,9.080535089,3.228726355,8.180719756,8.645683648,7.972956818,11.50084188,0,9.100091981,5.578878348,1.57065722,12.7325766,10.66546916,10.87296724,0,8.86426354,11.25494593,9.691931912,2.567082971,10.06467541,8.243031135,5.421960451,11.18939218,0.577827591,4.438938193,9.51964608,11.45121626,0,1.309059743,5.760274181,9.487335605,4.189144553,2.567082971,8.100131414,9.801912019,5.921386342,8.338335269,9.109128067,5.10841991,8.406944768,1.792064047,13.17304933,8.618818613,9.938544569
110,13.87251137,11.59735425,6.14501301,0,8.946605133,8.767207859,9.292593119,8.111093928,0,6.462858864,9.655452012,9.088472905,9.405243597,0,9.537989056,6.050832513,4.821756128,12.54549303,9.782500303,11.27480909,6.77710405,9.430822587,10.46990632,10.13613241,0,9.183637862,6.96957647,8.920212897,12.23830621,0,4.338481465,10.16508285,12.03171843,0,0.533264313,3.438159755,6.332822486,4.702917914,1.479696205,9.228426705,8.686507531,7.088130994,8.789249969,8.628999545,7.24522943,8.134241479,0,14.30923475,8.236191228,10.2342067
101,13.62540064,5.146418989,5.920257566,0,10.07992473,8.614235002,8.230207818,9.063209002,0,7.472325297,9.546942678,7.854569219,9.214700389,0,8.010052491,5.905926072,1.319849117,13.71298905,15.15739036,10.75579725,0.924403979,10.09579259,10.46977408,9.651037336,0.377734578,9.242133249,3.274917621,8.870025585,9.942889792,0,3.0844385,9.813402835,10.68779557,0,2.456622187,4.532778249,5.412818778,2.864948776,3.032612221,5.816814712,8.928796672,4.198391998,9.200175238,8.359406962,2.29007047,10.44614248,6.708104447,14.56229013,9.46316672,3.482306203
92,13.29784769,8.568495797,8.7861912,0,9.913486345,8.990543656,9.342339175,7.784471265,0.818359765,7.128633658,7.457922558,7.201526047,8.597203387,0,9.867657127,10.4507267,2.829260999,12.80506669,9.962327778,10.60506276,2.665324546,8.935371345,10.09209642,9.80993208,6.237077997,9.055114292,6.992553189,3.724028098,10.74135743,0,3.724028098,10.28319256,12.47889346,0.754545489,1.337311477,4.731921782,6.970773145,5.999542323,4.381850924,9.935023573,8.825566231,7.648371964,8.298080902,10.24513671,6.222402726,9.931080233,3.398131432,14.50238431,8.204111365,10.9463361
89,13.61382399,7.974500633,7.888304895,0,10.22765204,9.103893613,10.15327335,7.385129006,0.708584557,6.961993677,7.780073831,7.422939371,9.223511847,0,10.45325005,9.810219754,1.537345771,12.91178332,9.972922364,10.28598011,0.708584557,9.483334127,9.886635497,10.04224761,5.16518438,9.639476379,6.457587726,0.708584557,10.05842474,0,4.649626955,10.33921534,11.84004223,0,1.82248543,2.264626503,5.811902541,7.223094276,3.394129957,10.53815983,9.475644273,7.068079597,8.476385738,9.799992269,4.612706346,12.06810984,2.264626503,13.62704363,7.974500633,10.5108235
107,13.10654985,8.740509366,8.380404785,0,9.382464078,8.476831245,8.318235484,7.341967962,0.475499987,6.958483116,9.156348579,8.809922437,9.53450327,0,10.4098152,9.41417994,4.054527264,12.48349335,10.42300032,10.95269029,4.184113637,9.322146737,11.00487353,10.12210323,0.475499987,9.239765581,4.655655221,9.512309861,12.12758814,0,4.358986948,10.47853707,11.96054501,0.826192536,0.475499987,3.835307665,7.168812495,6.276494805,4.992868111,9.535263711,8.559770934,8.479990389,9.287414577,9.016529748,5.838414815,8.006225079,0.832525498,13.54498857,9.340508861,9.931089099
90,13.74843398,7.764301033,6.780546329,0,10.71646796,8.968928816,8.857371452,9.933376414,0,4.732784743,6.373061758,7.933484119,5.643440634,0,7.719963731,3.392963056,2.21896711,12.67882458,10.72584338,10.91853531,0,8.397969772,10.9482066,10.03237639,0.791689067,9.351305884,0,7.79312206,9.956766728,0,3.896407489,10.7227307,11.44882354,0,2.21896711,2.613036526,8.721543552,2.429428502,3.2888753,10.382959,9.667613647,6.197346456,9.146932645,9.628170281,2.21896711,4.564683017,0,13.19096511,9.412950846,7.344997109
97,13.62472693,8.2458569,4.589577746,0,9.836779411,8.57534637,9.54030243,8.407106275,0.971957335,8.348728154,8.868347236,8.993374335,10.19966008,0,9.95563102,5.046635113,2.178109076,12.28661263,10.86702385,11.06151971,0.971957335,9.161875089,10.75803162,10.28701972,1.379953597,10.63606266,4.718114991,6.917336273,11.64987139,0.714575239,4.899475355,9.429327229,11.87022214,0.941031169,1.547499185,6.198413609,7.880287578,3.684706549,1.190362011,10.52872758,8.703993523,6.928761148,8.545952929,11.52054993,4.550648294,8.309912848,2.950617715,12.90806606,8.938826819,6.488355936
103,13.84276282,8.533987654,4.50999347,0,10.35729907,8.889443121,9.371959556,9.382863915,0.740107246,7.411510988,8.813024379,8.539197593,10.65588845,0,9.420040208,5.562257691,1.41991637,12.99237191,10.40800061,11.06401517,0,9.212394244,11.13260255,10.16432873,1.003890027,9.433389313,5.977337172,8.548267067,11.74507343,0,4.707977495,8.978404444,11.82881085,0,0.740107246,5.305317587,7.642001135,3.914200934,0.740107246,8.352109654,9.008759143,6.973553879,8.353587949,10.9008819,6.311517647,9.682606654,4.280451579,13.26000801,8.499666535,9.217276769
102,14.08063435,7.351743155,6.181657174,0,10.33898145,8.420351864,9.44765771,9.328757942,1.428196002,6.42821443,9.002322784,8.79276427,10.57424345,0,10.59174673,6.597327061,1.428196002,13.04349557,10.11017007,10.98102492,0.644963754,9.265418142,11.11685726,10.09240039,1.089091319,9.652511591,6.077131887,8.005136083,11.40623158,1.428196002,4.657548548,9.478763553,11.73705717,0,1.089091319,5.190302743,7.295915836,6.040535219,2.730487799,10.38532318,8.975111389,6.546033215,8.443896686,10.29045666,4.207439987,9.558577603,2.84809709,12.74041323,8.638062973,8.146726492
93,13.59018937,7.133604623,5.05315479,0,10.32772104,9.236648073,9.839877728,6.984350097,1.272262125,6.734018587,7.698030905,7.88888325,7.039719655,0.437121184,10.27594988,7.776959347,2.573859222,12.8116978,10.13233264,10.3661364,0,8.767820296,9.488378432,9.673556424,3.664175609,9.034400069,6.822386001,1.043764442,9.810092799,0,4.329719213,9.596521501,12.04437021,0,1.46952135,3.623328442,5.794259891,8.43909117,2.485452589,10.89672595,9.475528764,7.834003244,8.796808625,9.915831587,4.403942549,12.77589624,0,14.13121391,8.32909668,11.41259631
100,13.91262741,7.49057013,6.636415813,0,9.762240835,8.9610821,9.676207455,6.951844197,0.497842259,7.500451532,6.980368105,7.311285125,7.7935773,0,9.004557571,8.341976855,0.497842259,12.3303175,10.49428559,10.60072134,0.497842259,9.296916207,9.906114939,9.956047938,5.895169302,8.694566832,7.157377254,0,10.73331197,0,5.691676529,9.558939148,11.61284086,0,1.161049225,3.694891333,5.905122211,6.511660951,2.468009774,8.453015413,8.760477122,6.353437982,8.783597433,9.739471789,4.938723334,10.81651171,1.795933147,14.11578335,8.041609875,8.768680579
95,13.69956161,7.903683047,3.573665363,0,10.55573948,8.435349395,9.805793842,9.083450074,1.123732404,7.652106411,8.621780831,7.551423731,11.17619185,0,8.22547257,4.055082831,2.084880654,13.13584553,10.59778255,10.60817164,0,9.135037154,11.03923437,10.24306685,1.306728867,10.12350066,5.050053234,7.398512842,11.17566806,0.914028675,4.636694216,9.453422922,12.15785533,0,1.747645193,5.196406394,9.048538641,2.903983042,0.668573016,8.712767716,9.288446236,5.391379366,8.613115374,9.996459365,3.60895114,10.24130393,0,12.57940551,7.891200433,7.136683578
89,13.63151813,7.038940931,8.130060832,0,10.62620183,8.8493488,9.619695447,6.774708006,1.347325492,7.258556612,8.005540343,7.770663893,7.656582175,0,9.538881492,10.36707615,1.551146837,12.34927846,10.25894285,10.826898,0.825541427,9.330596493,9.817236313,9.521555293,1.109895411,8.862572272,8.533321944,0,10.34198575,0,4.39761132,9.921433355,10.91291178,0.874993639,1.109895411,3.739329676,6.331574454,4.287826867,4.229634064,10.13810538,8.85777577,7.810905761,8.848140918,9.907581721,4.768438429,9.928309617,0.825541427,13.4680003,8.983047746,8.85055567
108,12.83870364,9.208246554,5.978250554,0,10.3860996,8.801931414,10.06197866,8.084967793,1.364404342,8.677620992,10.04444877,8.447099761,9.647246144,0,9.161406536,5.610883104,1.68014429,13.13701674,11.59304558,11.54990016,0,9.057794117,10.41367024,11.19192285,0,10.15696789,2.737427183,8.436649086,11.16766903,0,2.867639523,10.7057706,12.01449827,0,1.176131252,2.867639523,9.220484742,4.402988156,1.939000845,5.86587676,9.211314022,8.27883041,9.388531827,6.857383894,6.095846377,8.106557706,0.959621798,13.18449727,9.535973223,5.86587676
95,13.90568785,8.644523282,4.669021095,0,10.78291633,9.594126756,9.419770614,5.965948166,0,7.774279721,6.435290214,8.581490599,8.395071371,0,8.958662907,7.205930061,1.394678761,12.74211993,10.31274685,10.01117134,0,9.118385684,10.10966092,9.865065116,2.82984956,9.002860011,7.490401656,4.497522953,10.074476,0,4.758580346,10.00831656,11.89956463,0,1.945345507,3.316334034,6.25467718,6.030302968,1.945345507,11.02576939,8.79499088,7.245200902,8.61485337,9.135203934,5.265830673,10.77454824,1.151858817,14.16385405,8.499431352,10.6838631
91,12.96783146,7.301587647,7.622608285,0,9.67340272,9.45870599,9.755618683,6.676859758,4.055334502,6.900287199,8.659068275,8.20635507,9.133928222,0,10.90113842,9.885070968,2.008737858,12.44248222,9.572910506,10.93792548,0.588900488,9.043661656,9.804416627,9.810907368,3.654573021,9.015835951,9.45870599,1.328951324,9.959315185,0,5.140590537,10.06623722,11.33665718,0,0.588900488,5.386400561,8.797881966,4.792579486,5.240150204,10.15946773,8.875801561,7.629968543,8.319943024,8.997458958,3.18027519,12.09976202,2.331246599,13.22443737,9.537144613,10.17086395
108,12.97826357,11.64441062,5.796307026,0,8.902694673,9.2498909,9.686031225,8.600949871,0,5.641759874,9.877716647,6.850686927,10.09930836,0,8.409832164,5.853771144,2.003925997,13.27690226,10.66322007,10.64367584,0,9.242738252,10.07887131,10.05354582,0,8.864761869,12.01130065,8.103251085,13.04068528,0,3.154404984,10.33488778,12.2316502,0.686791838,0.460899797,2.13333336,8.174521272,3.619518656,2.252052275,9.020296614,10.08037786,6.470746714,9.651342354,8.384058444,3.899707357,10.51080372,0.460899797,13.13369612,7.971003161,7.810957159
89,13.17232437,6.185250097,6.874243679,0,10.00568068,9.286897315,9.761208801,9.560699672,2.414379119,12.30635795,7.844975607,9.969631147,7.025781848,0,8.924984667,7.460177365,9.305354983,13.55535604,9.847062045,11.02823761,0.69483563,9.078161484,10.7202015,10.13989664,1.514046493,9.398232781,3.176817417,10.41558334,9.813955907,0,3.673013615,10.98044665,11.5348038,1.291485686,1.514046493,3.673013615,8.123060877,2.033334895,5.848422639,6.67027384,10.35075138,9.668828268,9.024325221,8.289202779,0.69483563,7.576975554,1.796929943,12.5624237,9.840261796,6.442925255
92,13.9008951,7.318841034,4.539071937,0.44858384,10.87182055,8.591675677,8.571069998,9.063303393,0,7.71918344,6.833737665,7.392720977,8.234343239,0,6.462225772,2.919359153,5.335958388,13.44551929,10.63393973,10.71662229,2.693988677,8.768594574,10.54198713,9.763310314,0.790355014,9.618871825,2.773089083,6.54344639,9.111386098,0,4.238160129,10.62896493,11.55118434,0.750177706,2.521427699,3.389979738,9.589804676,6.520703531,3.389979738,11.18847758,8.706969068,3.995846278,9.287837023,9.215331567,2.693988677,9.51122291,0.790355014,13.08930812,9.373628638,7.960100426
82,14.87763882,6.534441406,4.417987498,0,11.78035932,9.566063555,9.800872404,9.393220971,0,5.113617162,7.589044357,5.909129843,9.319173074,0,7.288856848,4.06971935,4.807329159,12.88773278,10.63840876,10.82175007,0,9.241213348,10.88917691,9.366748402,0.593975179,9.757378341,0,7.778359725,8.667026362,0,4.417987498,10.3111693,10.90535692,0,2.19093086,2.343521528,8.668923976,2.607436847,2.020235488,11.4221962,9.311142051,5.933386152,9.219187885,8.432003138,1.013497992,8.021190982,0.593975179,13.11340522,9.436290955,5.092232814
96,13.85467362,5.866282411,7.757510021,0,10.33286455,8.388852515,8.921805241,10.31776307,1.616404751,8.67433706,8.234113272,8.540647277,10.15203127,0,8.487655164,8.032580266,2.206549458,12.94863005,11.62952055,10.52008825,0,9.536705696,10.73733186,9.667998536,0,9.551677504,2.359577393,9.155362181,10.10721708,0,3.211713117,10.41594242,11.32738423,0,2.947647457,4.402217364,7.665072939,1.350270924,3.850979399,10.27449464,8.826535776,6.175544561,9.829866997,8.654134757,2.497944422,10.10757019,1.616404751,14.62369863,8.415289667,6.340953866
95,14.65496042,7.119833399,8.887631885,0,10.64682868,8.737298052,9.263994474,7.732126714,3.359225967,7.358123691,8.35619224,6.526934232,7.912284595,0,8.711450166,7.949190559,2.662797954,13.40951027,10.75058976,9.428745398,0.642747774,8.942980667,10.02627444,9.661044096,1.265016749,8.693957325,5.836239756,6.077178897,9.662109345,0,4.038822441,10.42711377,11.65356166,0.549028378,1.085832524,2.597388149,6.612182916,3.398145117,3.002990491,11.60538229,9.720326354,7.185281818,9.847074577,9.556302952,3.936760416,10.49265437,1.085832524,13.31687546,7.85613914,9.716963466
99,12.98626693,7.356337518,6.567743172,0,9.741719773,9.026656225,9.334490064,6.037557935,2.409390936,5.969099825,7.698690778,7.113679665,7.518810496,0,8.77758081,8.188415761,1.599032083,12.63836351,10.45385706,10.93038993,0,8.983204546,9.973797799,9.634375454,0.816394909,8.962812159,4.559332729,1.334625479,10.3595629,0,4.064201686,9.78591994,11.01647403,0,0.326192164,3.71990625,6.856935906,4.359886577,2.7182849,11.17508791,9.082404551,6.528636951,8.043360911,9.282546372,4.064201686,10.31366534,0.326192164,13.776032,8.750643349,9.381339619
94,13.35826658,8.444766441,6.772637886,0,10.39480564,8.92348497,9.706551273,7.583902632,0,7.834496332,8.008170875,8.787788314,7.757583356,0,10.90956312,8.34502373,3.585323129,12.197831,9.554903448,10.66903563,0.884715129,9.060147387,10.38159702,9.946957433,4.550229631,9.301795677,6.562627092,1.986338116,10.21628509,0,3.7756511,9.879204914,11.82805316,0.955684776,1.429107082,5.069775193,6.434371355,6.293589359,4.83326456,10.52191446,8.811082432,7.40814289,7.979425195,9.912528617,4.83326456,11.37348509,0.884715129,14.11071167,9.383594142,11.0463328
89,13.63699839,6.398030504,5.745011389,0,11.12914776,8.239216624,9.103864771,9.180990706,0,5.80911085,4.636862392,7.697857204,5.882452308,0,6.007931017,8.504167493,0.57269568,13.47379452,10.70656509,11.17882044,0,8.184681979,10.89557528,10.23563134,0,9.634556968,0,1.299830762,9.894749567,0,2.554171331,9.966524197,10.9530906,0.981633493,0.981633493,4.286770281,7.346894856,2.292369492,3.214839757,10.16021179,9.110240556,6.153306791,9.530973939,9.584152636,2.292369492,4.82224067,0,13.70127397,8.968666793,5.593084809
91,13.78252733,7.073145419,5.314330368,0,11.39460203,7.452307144,8.755979129,9.604525431,0,4.464766273,6.87491989,8.76159777,10.53104024,0,6.457063985,6.349282114,2.26144055,12.70244977,10.58866779,10.56315813,0,9.130578285,10.59693514,10.10849832,0.507515586,9.360796616,0.507515586,6.756142635,9.487301434,0,1.425727838,10.84461162,11.31160075,0.807767062,2.383026844,3.361192851,7.351619496,1.819586442,4.053137409,11.9321483,9.051391136,5.616645878,8.990506784,9.428569547,4.931404134,6.042885058,0,13.86577193,8.8538834,6.910744652
99,13.57460535,7.97797248,7.428778891,0,9.483408703,8.886297117,9.464302728,9.306715654,0.534460082,7.744517688,8.975108523,8.759179142,10.27239651,0,9.537515453,8.093797831,2.455307491,12.91987448,10.22515923,10.78445491,6.130484076,9.587983735,10.99118877,10.07431543,1.229772477,9.649690897,2.673827752,9.76422472,11.59453922,0,2.771801084,10.60377469,11.84458024,1.406101238,2.197676709,3.50002442,7.714032533,5.273075704,3.940147953,6.844247544,8.990452892,6.942197781,8.844686936,9.087592784,3.317390905,7.628343463,1.229772477,12.89112295,8.713675197,7.588564737
97,13.47631586,6.190320524,7.809813137,0,10.68757689,8.464026981,9.425945985,9.429588767,1.031254025,10.11712359,8.533407608,8.391136162,10.05293479,0,8.593122168,7.994359094,1.031254025,13.79805659,10.48146646,11.0004719,0.430713468,8.980639435,11.28265988,9.79031917,1.258096758,7.982503089,4.087938004,6.098067887,9.370813801,0,3.86491907,10.19156512,11.42235916,0,1.780562076,5.243455829,6.944026783,3.641811886,3.22507437,7.572002866,8.578750064,8.122372471,10.00777015,8.111521729,3.277791383,10.99629694,1.258096758,12.83853229,8.995470386,8.2046445
105,13.17653471,7.626826042,6.101040701,0.431569476,10.01953513,9.161955685,9.731359765,8.746588217,0,8.311053475,8.690465985,8.719395666,8.897657924,0,9.423838653,7.273944755,3.473994666,12.58068962,11.11133132,11.23293651,1.455964989,8.94232096,10.45361017,9.943922791,0,10.17207742,5.107386579,7.826173465,13.29268111,0,3.999368683,9.540562041,11.86147855,0.652417657,0.763326583,3.280496122,7.010824587,6.618830356,2.863185199,10.52635252,8.705003339,6.193292736,8.832956453,8.247922768,4.383669736,8.903984246,0,13.46529855,9.002407179,9.003388605
95,14.12476754,5.333137456,6.860267595,0,11.11184641,7.806704274,8.848469587,9.050229588,0,9.055569861,7.309621867,8.214416269,10.17295248,0,7.198179807,8.648167008,2.515359227,12.89878464,10.66236574,9.759961398,0.478298822,8.500953388,11.13674125,10.28900446,1.56832402,9.81640611,0.478298822,10.62800802,9.926678488,0,3.994453008,10.36063862,11.31093082,0,2.785927131,3.585851888,9.237578058,2.1820884,4.254253887,7.209716536,8.792009369,6.483043447,8.914600399,9.803134992,2.412591863,6.790263774,2.611314045,12.41413025,9.558087745,7.788861861
104,13.31454076,7.114096286,6.784804949,0,10.17623549,8.144372734,8.387590874,7.641401521,4.43496843,8.965616922,9.675600724,8.646061826,9.738916421,0,8.152142848,8.072486366,1.338110596,13.63218868,9.887107877,10.26222407,0,9.110256219,10.6239272,10.61833044,1.719051982,7.711446724,4.329259964,5.501961351,9.842227756,0,5.048375705,11.02398993,11.05333538,0,2.020164357,3.882975564,8.794948655,4.980162432,4.091327478,7.930595426,8.281767787,7.526522713,9.758113259,9.002620956,5.37490037,11.1481842,0.818932344,13.4631795,8.4861834,8.909413105
89,14.40567333,8.073509643,5.768531059,0,10.93885181,7.622622926,8.766992617,9.732460854,0,6.146754999,7.264705311,8.010914078,10.18233227,0,8.040317122,5.713437382,0.494159564,13.85068497,10.57855196,10.98784666,0,8.816199685,10.66820247,9.909569116,0.86155842,9.764659317,0.494159564,9.97836726,9.796328443,0,3.062277166,11.02678623,10.94842564,0,1.948413958,3.062277166,9.279624509,1.948413958,4.276675316,9.874841527,9.960143877,5.442402798,9.440943895,10.62332369,0.494159564,6.699621034,1.397255346,12.73236249,9.38474922,6.682517117
103,13.73493185,8.281586984,5.027534496,0,10.62676765,8.429569938,9.576406872,7.874243679,0,7.562517197,7.283134667,7.364055841,7.716545126,0,9.823209586,6.688907679,1.87282876,12.63094053,10.68626414,10.53234618,0,8.890519652,10.18300259,9.435820252,1.583422805,8.66542475,7.481549208,3.05687828,10.34716734,0,4.245761846,9.523242411,11.58690076,0,0.414460306,4.027605266,6.220140318,5.113258756,1.73534887,10.33236109,8.450308114,7.665428304,8.54204519,9.144925856,4.412862802,10.6439734,1.221072783,14.3672714,8.433739821,10.72847327
106,12.81829057,8.88495501,3.915501779,0,10.2520977,8.383151297,8.254749921,8.563791154,0,8.076628569,9.392916275,7.806846025,8.306011548,0,8.81575473,3.365874472,2.815268004,13.02450946,11.46210857,11.27190651,1.175045486,8.156396617,10.30584516,10.172865,0,8.713108088,2.466992478,8.432316396,11.27378977,0,2.651614304,9.778226649,11.78164249,0.506094112,2.177120503,3.13745434,6.52087793,5.106988947,1.81393507,6.353409751,8.511037058,5.228149125,9.128151604,9.45371099,2.962234353,11.75594743,0,14.16785716,9.167189806,6.431183332
98,12.64117344,9.103437316,5.902194201,0,9.499758207,9.418554709,9.504137692,9.47447052,0,9.21833074,9.513478902,8.431873638,8.438005848,0,9.08768029,5.355337,2.051267681,13.1584235,11.17591127,11.17060737,1.174981592,9.573658547,10.06829461,9.370700483,0.703898038,9.96132235,3.095451881,6.870833211,12.29258047,0,3.147567207,9.593760854,11.64076009,0,0.394514142,4.312367485,7.049260463,3.623024029,2.51525829,7.418915162,8.513589438,8.170460903,8.933838162,7.947853143,4.94832985,9.795099685,0,13.82886043,9.809834033,7.772215586
93,13.20640697,9.64513241,6.253467443,0,10.89409775,7.802335411,8.904092663,8.667828275,0,10.37079637,9.155941455,6.552074223,9.363904769,0,8.22870808,5.802829104,9.08392337,13.17379736,9.976678675,11.04596438,0.791605725,9.605068319,10.74353012,10.14166014,1.674912553,8.337033109,2.218781168,5.929353106,9.461102865,0,3.666290765,11.08435664,11.88816103,0,1.674912553,2.612824276,6.307727234,8.511890988,1.299830762,10.40930607,8.670419026,7.778517429,9.118486916,10.10861593,4.771663771,7.504270798,0.791605725,14.82512276,8.416345757,7.066530545
100,13.61861492,6.332371385,6.873198003,1.260748328,9.735823384,8.397144086,9.031119459,8.256029373,0.431890348,5.689601088,7.94675425,8.022301226,10.2673134,0,7.745593659,5.362455862,5.108854775,12.50000031,10.57417721,11.24568936,0,9.361711345,10.55923367,10.07292309,0,9.317408091,3.229126433,9.339340071,10.4029694,0,4.522903184,9.899773809,12.01563109,0,0.431890348,3.281846592,8.2772874,4.854155273,3.281846592,10.36710892,8.673591756,8.10327207,8.833358181,10.86809717,3.968984669,10.21653974,3.281846592,13.3185993,9.420210785,8.609285874
104,13.19469684,7.146980997,6.437925144,0,9.482870462,8.767505834,8.732937336,7.645276545,1.101986173,8.006937534,9.592447693,8.64374077,9.517698911,0,9.469517687,5.716735795,6.00124604,13.19067658,9.872036106,11.27808351,0,9.722457486,10.09747912,10.20753906,0.363563594,9.242597743,1.950916271,7.754626992,11.98115696,0,3.262808967,10.39639072,11.69110228,0,1.7193587,2.924498995,7.858055615,5.676876678,3.262808967,9.984475425,8.858509472,8.294547234,8.367724881,8.768455632,6.578682144,9.223357384,0,14.33682731,7.990773378,9.105945165
108,12.7850478,8.252532982,6.646819326,0,9.036920872,8.327381981,8.604920111,7.558168124,0,8.141478774,8.80151437,7.934286492,10.1303775,0,9.169316236,6.524903666,4.623749831,12.01434134,10.8245849,11.18919448,5.366220785,9.177257568,10.25482785,10.30561719,2.482745045,9.135303992,7.123024654,7.965189772,12.04384412,0,2.878686111,10.1111748,12.02366773,0,0.77070221,1.467383831,6.385646735,5.615124927,1.042013896,8.531116292,9.240934402,7.754914218,8.893280292,8.9375798,5.223561561,10.67684742,2.287915497,14.32759475,8.770359962,9.07990873
98,13.34796733,8.957276199,7.664454396,0,10.01037425,8.699169865,9.070349074,7.749929748,2.358283723,6.660894399,7.975314918,7.57075132,8.710844308,0,10.1238886,8.949631226,3.615534006,12.34498934,9.829434167,10.83547411,0,8.978896325,10.31746914,9.868178985,1.701061053,8.735187053,4.808225429,1.524163999,10.319356,0,3.088260346,10.21824839,12.0321284,0.661384776,0.807767062,3.895661311,6.671548143,6.666231105,3.782198856,10.39910699,8.30467987,6.655529292,8.075040525,9.61974496,6.083036744,5.119816803,1.087938004,14.52366609,8.972442803,11.75886446
98,15.05320894,9.540439991,6.135224972,0,10.70503618,9.591597144,9.986766445,8.951232252,0,6.890835769,8.987337922,8.883510851,10.44669046,0,10.61723786,8.180416431,2.530695042,12.66671444,11.20080054,10.49776204,0.675635301,8.639572245,10.85493849,9.931358036,0,10.1677192,2.373286274,9.489799803,11.33625549,0,3.821812241,10.23003245,11.67749943,0,0.675635301,2.373286274,7.293701542,3.131770551,3.848377568,8.272471161,10.51788587,7.32628566,9.328937416,8.910624744,5.249206389,10.02365734,1.13395801,12.7299818,9.293671658,9.639923096
94,13.05536887,6.428869319,9.88357958,0,9.591383961,8.289341128,8.697902368,8.028287348,1.104806298,6.438470848,7.304483662,8.341452107,8.486951639,0,9.398237057,8.338892341,0.655718181,12.66055975,11.09880193,10.6165856,0.655718181,9.293660164,10.63705954,9.629609798,1.723121646,9.44424258,3.505471776,2.755678096,9.848912389,0,4.144519574,10.55887985,11.46869531,0,0.655718181,4.047459865,6.308355414,4.653386823,5.028816652,11.60231379,9.346897071,7.819993826,8.433163942,9.912292081,4.235466677,9.656601837,2.627233276,13.32481342,9.081755041,8.655301734
103,14.55131173,8.459534079,6.437197771,0,10.32432683,8.902878538,9.656596475,9.003796164,0.60928218,7.802716681,9.354701187,7.802716681,11.12332606,0,9.793595181,9.977036591,3.457357894,12.86724785,10.94243386,10.46130549,1.633152177,8.283375474,10.75598914,9.914784247,0,8.7261875,2.969251816,9.629094288,12.11558992,0,2.969251816,11.0614387,12.05059692,0,0.60928218,2.379593239,9.994975642,4.197000396,4.75044572,8.062968951,11.19290306,6.562799548,9.539230556,7.910624744,3.062950609,9.796156448,1.365412592,12.50085681,8.589201697,9.815636266
100,12.92688711,8.078860637,7.99754646,0,9.749452142,8.441504229,8.242850174,8.232732698,1.371670371,7.694455399,7.964300431,8.201947456,10.10582996,0,8.987215685,7.821404095,2.978213938,11.71825458,10.70262292,10.99764525,0.338681125,8.599447982,10.63988331,10.47666521,0.612777105,9.242988278,6.005494308,7.714588976,10.60104647,0,4.602088629,10.78757612,12.15729009,0.880881397,1.216051258,3.983559137,7.543024085,5.39287035,4.325724597,8.756876515,8.398025372,7.362250697,8.353199767,9.907264746,6.25581794,9.157996128,2.313042641,13.33565553,9.34865292,9.707146854
100,12.08207584,7.924794692,7.492301865,1.060185765,9.356161421,7.204571144,9.453159495,8.257095502,0.625364016,8.700731002,9.295167399,6.296290368,8.254532632,0,7.709814455,6.937120719,6.070312039,13.96797372,11.2116389,10.46382065,5.802244926,9.713987871,10.44877709,9.739851477,1.892585315,8.953745398,3.009651733,5.362887137,9.78539525,0,4.017262749,10.81354072,12.2908166,0,2.262493294,3.864413986,10.00275877,4.198729869,1.892585315,9.852520146,8.681793593,6.058615222,8.704488144,10.95511225,5.623246491,8.503468001,1.393855477,14.50679724,8.42592501,7.509585007
95,12.6856971,8.794367126,9.459726685,0,9.596834538,8.625000105,8.983857222,7.898661845,2.358818205,8.808928791,8.841171189,6.977417316,8.984518148,0,9.533201227,6.63455842,3.967260849,12.22165358,10.44088993,10.62432027,2.130502609,8.869239102,10.05906049,9.445815661,0,9.739880161,3.571300617,3.52500393,10.13109812,0,4.249422585,9.640917314,11.86086971,0,1.322851124,4.161363704,6.107464,6.091668103,2.645171328,11.86653712,7.878087708,6.794350879,8.414143992,10.6702402,7.64362534,7.507382383,2.729269968,14.22428813,8.600091309,8.573329078
97,13.14231451,9.099892171,4.78830463,0,10.02736696,8.579040573,9.373613414,8.081089256,2.23431737,9.144851949,8.452183573,7.35992522,10.94750545,0,9.404015381,5.438981428,3.940965416,12.67449243,11.01945173,10.76985437,1.256708768,9.081510068,11.1457475,10.26584942,1.512328036,10.23040478,7.355853199,7.908278522,11.3982734,0,5.258737498,9.953476238,12.345882,0,0.54912698,5.22339938,8.614422749,4.713871743,1.729400499,9.398085245,9.033222001,6.531030492,8.448360004,10.29726021,6.898958049,9.118045597,0.945907297,13.40651063,8.197201947,9.205531806
93,13.92701864,8.024740758,3.215430102,0,9.566337601,8.241740099,9.539271275,9.04479026,0,7.385284344,8.612444655,6.656434875,11.16963067,0,10.37772026,3.607555209,3.338752425,13.16226229,10.113638,10.73424389,0,8.924438423,11.3814348,10.05414302,0.50019018,10.07535881,5.952333566,5.7338207,11.39799543,0,3.557655155,9.869626228,11.71295252,0,1.165622567,4.804125857,8.433789887,3.149584553,2.474721569,8.600173099,9.374302687,5.541836944,8.879442343,10.55549025,3.915549582,8.743767396,1.619225178,12.57342707,8.301706525,7.308156975
102,13.7465878,8.005287694,7.165570313,0,9.320784757,8.523318873,8.520654035,7.794272889,0,8.172472514,9.033648749,8.785478624,9.28944027,0,10.44368952,7.580658057,3.392921854,12.44335023,10.25259448,10.99005431,3.831704999,9.102973004,10.25580756,9.793808117,0,9.832994416,6.195768848,7.205930061,11.96401951,0,4.194685949,9.862753574,12.27778139,0,1.013140632,4.221188815,5.867053822,5.298552016,2.342924474,10.24373334,8.360026215,6.858863754,8.435520255,9.658561401,7.460685235,9.582038458,0.747516302,14.22293072,8.957873982,10.02006321
100,12.80291212,8.503710477,6.795182501,0,8.76324557,9.583331033,9.020129901,8.25500968,0,9.189083258,8.882988399,7.594675437,8.250412123,0,10.11812349,4.362189318,3.005669457,12.36025453,10.31999946,10.78944398,2.701083239,9.50779464,9.416512549,9.512029308,1.152443048,9.075134145,3.389195077,6.033570567,11.41836918,0,4.383476208,8.796357648,11.99475295,0,1.338338835,4.227409933,5.751929619,4.652589746,1.338338835,8.917148273,7.943610772,7.256840835,9.342350288,10.11414575,5.710415235,10.29915077,0.384823459,14.66452506,9.272751074,6.525196607
91,13.40806432,6.718402728,6.864532845,0,10.94270509,8.505763926,8.527871836,9.137524016,0,4.765147501,6.881811426,7.743373589,8.4431632,0,7.367825331,6.76877981,1.264956718,12.99468932,10.49485558,10.9368661,0.553557109,8.940102133,10.9634669,10.50928017,1.521503079,8.595723694,1.928427177,4.688711898,10.02346329,0,3.555533968,10.98393416,11.46577555,0.778713221,1.264956718,3.909945872,8.460509139,1.928427177,3.162113338,9.570085282,8.905341873,5.871114233,8.834679617,9.558497247,4.86114151,4.994127114,0.553557109,13.58586625,8.604416088,7.138015753
100,13.53228286,7.290737711,6.687214695,0,9.724382538,7.640960683,8.543751055,7.711522439,0.585251011,6.229530245,8.709804118,6.160583429,7.879472976,0,8.255746197,6.755595318,3.088107667,12.41857474,10.57672997,10.80565521,0,8.999309483,10.39357279,9.89402194,1.000360629,8.983714742,4.000676105,6.200384684,10.04364252,0,2.322505058,10.98976346,11.90948811,0,0.585251011,4.426955741,6.714959818,5.109226816,1.000360629,10.9933064,8.694208125,7.611740433,9.290740014,9.751428572,5.714954325,6.088173406,2.701061053,13.77910374,8.356068961,8.838346737
97,13.47950241,6.848347519,7.710234752,0,9.087690896,8.599072265,9.646740498,8.767754099,1.001441974,8.311216997,8.41226921,6.909761106,6.306632273,0,9.50671023,8.433330887,0,13.0822056,10.19640541,10.74940018,0,9.687632878,8.968666793,9.276680434,2.002162421,9.229294701,7.927689087,3.172487516,10.49682382,0,4.757668687,8.936573163,11.49974127,0,3.172487516,3.00252251,5.288218273,3.909590716,1.586884813,12.93454967,5.429086991,6.212302797,8.25554322,10.25909591,5.172731518,8.498733547,2.002162421,13.8045949,8.395195646,8.462310037
98,14.74775767,8.964817355,5.103405318,0,10.1384894,8.505744081,9.827941255,9.266364912,3.908688035,7.594369396,9.327602043,8.760144418,10.89848047,0,9.868686765,6.813550342,3.461188014,12.62633874,10.49611477,10.81061983,2.809002775,8.757919984,11.05562137,9.929206619,0,10.06307145,6.13803419,9.297308365,10.55508757,0,4.9560613,9.640358829,11.41748863,1.679378755,1.586260342,6.13803419,8.746752791,4.439244131,3.774375932,9.149127237,10.39101798,6.847395658,8.719597594,10.04495415,4.606708711,8.818904871,2.116963537,12.58555646,9.199137369,8.479004152
94,14.58904834,8.597162409,5.3598128,0,8.942646453,9.173202405,9.157715773,10.16422815,2.029240839,9.426803568,8.418105597,9.424649206,11.01180031,0,8.696960573,6.060622444,0,12.9749236,10.3517012,10.57990987,1.019559595,8.942646453,10.74358902,9.233535797,0,9.680846494,5.285760998,8.597162409,10.8761332,0,3.843461325,9.898336856,11.57021149,0,1.019559595,6.342138688,8.833171565,3.620609869,2.617392528,8.634934445,9.335698514,4.429334762,9.286707914,9.286707914,3.494786797,9.411650802,3.204500719,13.11264638,8.846114038,7.739098754
99,13.86472783,7.154868729,8.429013321,0,9.967845865,8.499287831,9.385769668,8.601871049,2.406291756,6.13437087,8.136632316,7.487799847,8.790993533,0,9.028707271,9.791425025,2.284217983,12.99057025,10.3259575,10.50314994,0,8.798637041,10.77334529,10.02375435,0,8.858683516,5.092473859,6.301029702,9.920833674,0,3.387141928,10.60586838,11.70466883,0.616639997,0.895457741,2.623234784,6.655135694,6.186421321,4.377463902,11.89379448,8.724292145,6.898208353,8.838491715,9.109564286,4.316486097,7.675540743,2.284217983,13.17611392,8.401749913,8.871988379
104,13.22705632,9.256329006,7.123904116,0,9.379906825,8.429101222,9.141123647,8.164303583,1.893478709,8.581498131,8.699270523,8.240295246,9.412101927,0,9.532030527,8.495731134,0.828469107,12.18047176,11.50518632,11.41317305,2.849278733,9.302259638,10.421886,9.937857825,0,9.91659159,4.455918974,8.674827832,12.44069271,0,4.624206197,9.996558226,12.29425314,0,0,3.614592068,8.102532163,4.911322473,3.193109371,7.268846063,8.489514838,7.301139478,8.66383203,9.128179964,3.976372801,9.82454671,1.351402184,13.70518958,9.075217061,10.38302382
105,13.41840607,8.1523964,6.269588642,0,10.12857438,8.891467794,9.15158234,9.089916518,0.748375356,8.614514773,9.682378411,7.575115641,10.0165576,0,8.797596684,6.94699982,2.34465809,12.91857072,9.808061605,10.62423801,1.603928945,9.240214139,11.31048782,9.977194046,1.603928945,10.21446484,5.210821328,8.72063075,10.92767427,0,3.867718587,10.10114841,12.08421378,0,1.238664592,3.485246479,9.178918763,5.681258093,2.831715132,8.563573822,9.42565022,6.230933093,8.502676689,9.456693229,4.9502771,9.435599427,0.748375356,13.0400054,8.223036338,9.617676829
92,14.58524425,7.80151437,4.015622451,0,9.806317612,8.883614707,9.91131708,9.512303935,3.887008537,7.945713036,9.300347984,8.624276394,11.46882766,0,10.35244075,5.167779402,2.704407218,12.71304707,10.96799712,11.16777564,0,8.731173057,11.12177956,9.91955908,0,10.44908673,6.175376891,6.868822555,10.73568294,0,4.34430301,9.871504861,11.50603975,0,0,8.654224283,9.140275076,3.213627239,3.283418074,7.084574562,10.19213251,7.746971074,8.678716325,9.106976388,3.35000212,8.43981842,0.545770726,12.90101394,9.363142598,7.664354835
103,13.81309976,6.70494111,9.734176131,0,9.832454925,7.84104221,8.911901261,7.298145071,0,7.816676498,8.925429821,8.114340995,8.023005787,0,8.088671653,6.351121219,1.260808535,12.95046112,11.18913887,10.27392378,0,10.35189992,10.26780497,9.460203991,1.033652052,8.807866859,5.956228613,8.677413102,9.649017206,0,3.281965254,10.87064984,11.43321507,0,1.783875677,3.79863121,6.26206289,3.605292826,2.996641829,10.7761698,9.008935577,8.882325132,9.280763812,9.76691479,3.5200576,9.276708346,1.923187221,13.08544092,9.38837899,7.08841725
80,14.35496559,7.465288858,6.615445725,0,10.66259717,9.453885861,10.40589666,7.070281981,0.891496958,6.308131486,7.679008507,8.596420867,8.534559685,0.891496958,11.70546392,8.999723833,0.513490746,13.00767907,10.05449579,9.597745313,0,8.641910847,9.702138046,9.104284235,1.649707421,8.979093602,8.511084512,2.511695735,9.553556341,0,4.143540358,9.96660927,11.37873919,1.187957729,0,3.789311926,6.551126837,8.500901617,4.244613104,11.92961349,9.590562724,7.929785081,9.739416093,8.832557776,2.144144287,10.68300336,1.649707421,13.2564328,9.554926464,9.525935744
96,12.84458808,7.244497037,8.624780837,0,9.723348654,8.323887927,8.715279079,6.857943684,1.229587923,6.65628899,8.622319096,7.358255587,7.691952843,0,8.864279019,8.884948906,2.512858954,12.78864697,10.52265018,10.49602486,0,9.568408391,10.35609978,10.02703514,0.742006211,8.876716454,4.766982019,1.883620816,10.05893877,0,4.404276438,11.10465117,11.81399357,0,0.418135964,3.636032922,6.785027362,3.88616967,3.674539745,10.07414146,8.511041012,6.970531588,8.66596829,10.00454353,5.665750899,8.650358888,1.593353771,13.88096096,8.586171754,8.004973225
102,12.96557508,4.680903794,5.312378377,0,10.27540288,8.779466574,9.478789839,9.008803954,3.915128863,5.354381632,8.792891133,7.017187015,10.12952774,0,6.671703814,2.89840186,5.826716262,13.63727015,11.00958372,10.55972123,0,9.689316635,10.97634215,10.05673254,0,9.862122792,0,8.99060889,10.35273867,0,4.217796824,10.09980803,10.6510158,0,3.109327125,3.293326337,10.50133962,4.647510233,2.176801464,8.199029368,10.49665408,4.262606042,8.382749379,7.881199632,2.352871496,11.34811399,3.97019104,14.05914163,8.995594752,5.434881719
96,14.77387067,8.80619837,2.512580879,0.55640489,10.74247787,8.966802468,10.05552648,9.061341488,1.745538535,6.323155667,8.871440175,9.250468973,11.08359899,0,10.41510794,3.674245949,2.512580879,13.13097751,9.922623052,11.18799533,0,8.816775681,10.79233481,10.03043264,0,10.15118148,5.499542969,9.414668325,11.5693952,0.55640489,4.376220914,9.562973128,11.62289376,1.362834549,1.935044795,6.142725879,8.072893621,3.872700733,0.957023083,10.34999991,9.883620816,7.432834168,8.527645115,10.54439458,4.202715477,9.453924946,3.620046765,13.54843662,8.720261362,7.266402395
111,14.77566172,8.794097399,4.658954065,0,9.339571678,8.553195364,8.628580416,8.746544552,0,6.475807995,8.829738589,7.793336691,9.681956944,0,9.171754761,5.248356462,4.682247418,12.28711787,10.63221368,10.80431659,0.496922466,9.400535795,10.57501918,10.17410176,0.865918815,10.13559387,2.569199413,9.452270073,12.14931526,0,3.268434394,9.451421318,12.1832787,1.159435436,0.496922466,2.841671268,7.028348134,4.457666517,1.403213177,8.605920223,9.341403181,7.231499611,9.091374556,7.077488698,5.653874027,7.497532533,0,13.66011849,8.382364642,10.44358593
104,12.76506021,6.002464001,6.347740057,0,8.85427311,8.452875434,8.830435979,7.365167596,0,7.59677119,8.262409666,7.091995958,8.155465911,0,9.821096314,4.906005471,7.566175844,12.94088799,9.038696808,10.7473874,0,10.03211462,9.781684283,9.624726015,0,7.562043945,0,7.507255511,11.35883798,0,4.431957188,9.229138452,12.20062892,0,1.78144365,3.232123483,8.482674872,8.350046334,1.23529817,6.988093856,7.738916421,5.894936569,9.226532613,10.48647305,4.906005471,10.15441309,0.624522058,14.40719472,7.827596761,5.379496204
95,13.42214363,9.511011353,6.721126538,0,9.471264699,8.879748645,9.322840762,7.440088448,0,8.743181695,7.954225397,7.875214864,9.302223075,0,10.60528505,8.804444055,3.603169357,12.77027777,9.683978861,10.45164386,0,8.908554746,10.49606482,9.91139049,1.616028277,9.608888692,5.498142342,2.238022518,10.47844606,0,4.351451656,10.19374711,12.96819698,0,1.407189572,4.902734462,6.979053577,5.729133986,4.321956949,6.835115615,9.006814142,7.288247809,8.534038251,9.406005119,6.715467855,6.203537903,1.960289284,15.28102806,8.43936549,12.37885567
92,14.57786544,7.5951008,5.267123755,0,11.09290246,8.534497434,8.806523845,9.549316847,0.566474224,6.094318423,7.475457834,6.921495839,8.372290479,0,7.68212379,5.420785542,2.538240158,12.7028285,10.96233935,10.7020168,0,8.647803768,10.34468427,10.32804656,0.97217797,9.172677521,2.126378217,6.725645737,9.373400259,0,3.533501054,10.66361147,11.77844679,0,0,2.759283689,8.752855612,4.156315709,1.547696591,11.56788955,9.329711142,5.839543947,9.454605692,10.8021609,2.413594082,6.983119021,2.277121847,13.36608994,8.864235678,10.55113145
98,13.64719982,8.645474707,7.09895848,0,9.3271529,7.701562918,8.934144929,9.228573411,0,12.92260113,8.194811016,7.610951,9.721056454,0,9.000831001,7.29896984,2.279976373,13.60527115,9.734182907,10.73985654,0,9.358974205,10.23200113,10.02482108,0,8.747018085,1.407570295,9.83074019,9.95923113,0,4.037997125,10.02024382,11.25761177,0,1.908736064,4.625942577,7.045814256,5.458618234,3.029011087,10.84298669,8.363587247,9.129872856,9.200476889,8.657336316,4.778539769,6.044695742,1.071694033,13.74607338,9.232543245,8.022106995
105,13.24570719,10.31640599,5.135395322,0,8.998260391,9.377323338,9.712569988,8.378489948,0,8.222297419,9.43617017,9.282154815,10.24524369,0,9.096393641,3.354635518,5.244788137,13.0350929,10.76968084,10.60119508,0,8.593671231,10.65131186,9.860984518,0,10.39564124,10.76853172,8.333794915,12.81087283,0,3.288048431,10.48243488,12.31124311,0,0,3.218223197,8.132623109,3.750563631,0,9.746292609,9.836435443,8.064624219,8.792943176,6.7679593,4.670035845,5.941392755,1.253626278,13.20123105,8.276975809,8.798935074
96,13.25863964,8.397435055,5.086444109,0,9.630128765,8.271668446,9.540259803,9.106264556,2.439250781,8.402590022,8.857576735,8.781831791,11.21509005,0,9.902833327,5.679995155,2.542456175,12.85081583,11.15326701,11.02522263,1.141694362,8.708835586,11.12549096,10.09278356,0.851439235,10.41306724,4.740787276,7.609082678,11.50017962,2.894196907,4.696722769,9.951692692,11.9530906,3.300299474,0,6.259338405,9.127166371,3.834994307,2.439250781,9.196048793,9.513520354,6.423794962,8.663768,10.9180582,3.707568963,8.748494777,2.894196907,12.47761409,8.922388165,6.65438255
99,14.49364909,9.98409086,5.152223989,0,10.32894415,8.524384998,9.11704824,8.534505215,4.904233592,7.911493857,8.650717895,8.606630992,11.31498535,0,10.1424645,6.685870086,3.662695431,12.28753347,10.51293794,10.90331701,1.659970213,9.05863849,11.10975232,10.06370516,2.2892738,9.64581332,7.401331808,8.761138975,11.10582341,0,5.378827178,9.921845399,12.25971679,5.633814793,1.659970213,6.44960099,7.558367137,5.152223989,3.133596404,9.493319091,9.079524784,6.85692346,8.211868831,10.90785958,6.709883365,8.829865412,0,13.59041161,8.883636089,9.905042462
84,13.78022191,5.361164771,4.082217182,0,11.37728104,8.626964719,9.325568557,9.07082132,0,8.292763347,7.33459509,6.50738714,10.40378963,0,8.355254179,5.725959235,2.030265443,13.08760538,10.6809045,10.71440008,0,8.884063649,11.03243838,10.05560782,2.201320198,9.626079513,1.34619103,7.639941179,9.119387305,0,2.941819968,10.76557618,10.88922255,0,0.598460492,3.621887768,9.172017395,1.836206928,4.12535354,10.33423976,9.585140948,5.562929258,9.276177924,9.035920775,2.734547054,4.896843388,0,13.1030304,9.069441711,7.539856721
87,13.33837427,7.746749433,7.65503692,0,9.999845015,9.413718888,10.76518663,6.868983017,3.660129991,7.225901499,8.718228037,9.25033869,8.565399157,0,10.5293427,10.5027622,2.526694846,12.52796808,9.188878097,10.72606485,0.612777105,8.931818953,9.702839323,9.71379031,3.776114519,9.703754799,6.023024645,0,9.835121933,0,4.470328613,9.781281019,11.4025751,0,0.612777105,4.399752157,6.939097256,6.688320256,5.208813759,10.56607307,10.42326301,7.624408005,8.114923963,9.00348137,3.321336469,11.94384076,1.041453272,13.73576755,9.721950196,11.20135818
87,12.92692416,8.516602226,6.424681955,0,10.01357392,9.128316603,9.853607422,7.546771015,3.599151136,6.198482367,7.759109217,8.916306449,9.614731926,0,11.69391813,6.969541935,0.743213343,13.08860772,10.72741849,9.859899685,1.231248066,9.436111856,10.30701861,8.833487849,1.424707146,10.34376312,6.178487584,1.007769594,10.2279889,0,5.600112129,10.23462586,11.62248658,0,0.743213343,3.599151136,6.65435677,3.786930861,3.013551588,12.36355166,9.03039126,6.992632492,8.806597953,9.268899852,0.418891556,13.47379452,1.747817029,13.4621188,9.969645536,7.750110694
98,14.57941023,8.919867409,8.466618964,0,10.84305737,8.610242357,9.195891361,9.454994252,0.831553004,11.69325607,8.411532173,8.597229464,9.317012312,0,8.204082012,8.542478617,1.898595342,12.71787345,10.38288336,11.19931653,0,9.158985775,10.80960737,10.1903309,1.355692898,9.229068736,4.84171655,8.396591938,10.05203815,0,3.982938831,10.48097191,11.30310718,0.834711216,1.355692898,3.316884283,6.838296306,3.071419456,3.79316759,10.01448083,8.817639245,7.839367578,8.946327326,9.911385995,4.410680299,8.047102094,5.076482136,13.22962547,8.891729032,8.557482848
95,13.94343972,8.13604267,5.397361462,0,9.972549067,8.976085771,9.365712219,6.683219219,0,7.511657789,7.440213059,8.124695173,8.591155783,0,8.425299839,7.744504233,1.836610908,12.34894111,10.35777191,10.50763609,0,8.820654463,9.956095868,10.0202855,1.836610908,9.06684264,5.574643477,5.819543015,9.88189094,0,5.279497297,10.09001977,12.06671149,0,1.304218969,3.183089461,7.590774158,7.365045083,1.848437663,8.955946262,9.009377967,7.560210534,8.437581477,9.294066997,5.265785675,10.5457271,2.224626867,14.17038673,8.229063928,10.75801496
93,14.66471949,10.42091815,2.963215155,0,10.50903269,9.626282155,10.3278333,7.65017576,4.223136763,8.0375195,8.19976067,7.837640547,11.0460872,0,10.87086557,7.807309837,4.550611358,12.39430995,11.78939507,10.54362154,0,9.172024898,11.17184606,9.962418883,1.238603454,10.98801004,8.124441875,8.644130276,10.45317802,1.238603454,6.02029328,9.788121232,12.78821873,1.739286465,0,4.508137041,7.992014942,5.773698369,3.394788497,7.23428096,9.847881061,7.016730302,8.413323281,9.91240736,6.331692678,7.767350232,0,13.24485734,9.331241672,9.992584344
92,13.60313949,7.532239024,7.919530776,0,9.786094794,8.433097158,8.5359946,7.696181652,2.481918878,6.623868325,8.301468758,8.221388949,9.541681321,0,9.966033849,8.510301324,3.250582665,13.29806257,10.62032981,10.86244364,0.72700555,8.5128945,10.76531925,9.739308071,4.800278696,8.874873794,4.368482016,3.749394818,10.03316142,0,3.94619747,10.36406898,11.76436573,0,1.85630849,3.036872532,7.207151016,4.619823809,4.580857006,9.428265944,8.874873794,7.537334899,8.430360551,9.850991584,5.590185809,6.978904902,3.749394818,13.5638755,8.757470018,10.28596855
122,12.95605484,7.122186079,6.545239426,0,9.436953012,7.947899886,8.109788874,9.611884255,0.352306553,9.559958258,8.82866014,7.722705088,10.03699777,0,9.430605177,3.969113643,3.082174594,12.93821594,10.92687414,10.7592474,0.352306553,10.02429474,10.30291304,9.875462166,0,8.969861345,1.252839491,5.650744458,10.28475471,0,4.694674079,11.22692391,11.82654054,0,0.871764811,4.019203734,8.320448574,8.09088518,2.98469871,11.15279185,7.558818643,5.322075964,9.85793591,8.57081582,3.525041528,8.5729124,2.364404342,15.57540925,8.949823793,8.684790691
95,13.62976642,7.483219233,6.811509564,0,10.31522883,9.418187839,9.787074894,6.888828469,0,7.078503097,8.055206502,8.550477457,9.657936487,0,8.869433449,8.857645156,2.746054735,12.80629787,9.664726374,10.77454824,2.114433661,9.749296257,10.21254502,9.87229165,1.756468257,9.687377433,6.793050509,2.525417448,9.999746379,0,5.65754569,10.69190924,11.95235541,0,1.279292991,4.180028481,7.94811021,7.535944072,4.061715724,10.23321221,9.331358132,8.257142658,8.486855129,9.195143327,2.937400893,11.98607668,1.537494874,13.16567959,9.110757337,9.539356586
108,13.49531791,9.580192603,5.681699438,0,9.888310984,9.080212615,9.619882485,8.320796037,0,8.834878676,8.805672945,7.86777294,9.250630034,0,8.549415044,6.145149593,4.18250162,13.08779265,11.50063278,11.79311556,0.466026688,9.123262679,11.20502344,10.19229281,0,9.9913376,4.241847809,8.025975585,12.15152399,0,3.680290596,9.899298005,11.64159118,0.565987041,0.81770511,2.574489082,7.713840132,7.767840155,2.37687379,9.969012308,9.264114144,7.054446949,8.460079047,7.97441459,4.73040628,9.566474604,0.81770511,13.65721795,9.268579427,7.853577794
83,14.18441048,8.016808288,7.982993575,0.584962501,9.948367232,10.28598011,10.96614491,6.129283017,0.584962501,6.303780748,7.569855608,8.129283017,10.5674808,0,10.57506646,9.85408918,2.584962501,13.27474213,10.48984796,10.24733418,0.584962501,8.853309555,10.10000522,9.665335917,1,10.13891172,6.257387843,0,10.06974512,0,4.357552005,9.945443836,12.43697175,1.419538892,2,4.832890014,6.199672345,7.087462841,4.584962501,8.407267764,10.18797059,8.52160044,8.990103964,9.550746785,3.754887502,11.83427352,1.321928095,13.96682085,9.256208689,10.85642553
96,15.04648032,6.529750684,6.30415507,0,10.75613096,8.578131121,10.63314055,8.817911,0,11.29355212,7.59692769,7.876891385,9.551598686,0,7.424199888,7.307237246,3.434067719,13.40728104,10.44247703,10.72302947,0.919683313,8.851717814,11.1669539,10.46221595,0,9.24951171,2.191152018,7.81540251,9.427645977,0,4.128936729,10.43134089,11.48926093,1.125320474,0,2.666756592,7.690193578,3.309845564,5.227456143,8.717583896,10.25466254,7.927967544,8.573071509,8.973152038,1.224966365,7.7210103,0.919683313,13.62640491,8.988429069,8.010102857
97,14.22500404,8.071537445,3.64498682,0.410232546,10.54367953,8.613513236,9.861093111,9.177718511,0.990301417,6.867352881,9.193200071,8.439955517,10.67130222,0,10.24727483,4.440792775,3.789228446,12.96945128,10.58286644,11.04948102,0.410232546,8.649403494,11.15789637,9.858540553,0,9.446744215,4.462477733,8.969193669,11.17619809,0.410232546,4.718169802,9.350459676,11.4684815,0,1.571967989,6.550531327,8.152132705,4.440792775,2.399198443,10.30278741,9.45149344,6.821939763,8.891400959,10.62163067,3.754492043,10.00516135,2.207080717,13.13939627,9.036692889,6.891528551
98,13.55424109,7.457659951,6.112320646,0,9.879609285,7.990086941,8.501725745,9.430145162,0,11.42175979,7.848228571,8.728464765,8.151904468,0,7.861719691,5.893401045,2.25939302,12.85052676,10.64631569,10.4108647,0.62396048,9.112410835,10.92454531,10.03353313,0.62396048,9.282516256,5.087831954,10.26495859,10.22314497,0,3.913540497,11.14084894,11.51006193,0.62396048,1.058177935,3.424962386,8.219546089,5.755696787,3.424962386,8.014444566,9.073817556,8.138753045,9.299961229,9.19864148,3.495874209,9.099660777,0.62396048,13.09995264,9.547461397,7.322748394
108,13.93907411,9.969976431,6.059588901,0,9.740912386,9.024375091,9.374722177,9.130861389,1.742609903,6.531521824,8.925153842,9.211586586,10.02543029,0,9.979225105,7.676302674,4.388485762,12.55289,10.31039693,10.83947939,0.665938454,8.911158261,10.23093309,9.965745331,0,10.29296575,0,10.80914108,10.977838,0,4.305321235,10.15057237,12.22155389,0,2.176195095,1.975630186,7.423746229,4.92266408,3.37649877,9.129349998,9.832864704,7.901820241,9.172522518,8.587342486,5.246240853,9.69570505,0,13.66738879,8.72969551,9.592060802
89,13.96499058,7.986729476,6.286470897,0,10.81523918,9.184798496,8.669965714,9.124511666,1.520095326,7.062132508,6.472474774,7.425660709,8.796516642,0,8.728318502,7.978739055,3.766542159,12.83266655,10.86196312,10.8720592,0,8.97855031,10.95687706,10.22017273,2.243699543,8.889011066,3.81521676,8.751955721,10.19975822,0,3.160161864,10.68132627,11.65541892,0.663390165,1.73773002,3.303532364,8.221538789,3.370206138,3.160161864,10.47904256,8.901744834,6.664041886,8.908770885,9.487580808,5.207904562,8.429297934,2.723383811,13.43944133,8.317584461,8.697815512
96,12.86967288,7.95977595,6.367477656,0.626485863,9.318097618,9.061889579,9.790706886,8.440387497,4.201696586,9.033725826,8.942596608,8.4153277,10.6706828,0,8.952129683,7.437760394,9.100988157,13.31128002,9.507846164,11.67418785,0,9.201680415,10.89125968,11.03203884,0,9.527111399,3.356735419,10.0172956,11.06440596,0,4.158417821,10.61785311,12.56529728,2.535082486,1.395775743,2.803537038,9.882496327,7.969196548,4.437187782,4.284536342,10.09394569,6.666728192,8.931390541,9.262980398,3.812559834,9.733798335,0.626485863,12.99911389,12.19753309,6.520582539
97,13.34676303,8.601243375,5.67928585,0,9.508676238,8.63790363,8.885412687,6.878896964,1.056930288,7.110853887,8.058164944,8.405975347,9.197526335,0,10.5457271,6.821480631,2.173639164,11.48356893,11.4051255,10.79396902,0,9.072204972,10.14053583,9.828387228,1.389952213,9.103007111,6.540901403,2.678635348,10.39925656,0,4.532952752,9.385316704,11.88850735,0,0.344942091,5.527032791,6.824920565,6.381766152,3.098200563,9.58271029,7.940947803,7.895841834,8.682218619,9.885536234,6.010761939,10.73253208,2.336826082,14.54228828,9.426109573,11.6232871
103,12.53528753,7.530406337,6.515419156,0,9.315794894,9.186163773,8.653253529,8.9064938,0.842938617,7.766071679,8.27988447,7.785230121,9.381895471,0,9.2873684,5.649891327,4.537525936,13.55296923,10.5616889,11.17475719,0.612682759,9.534351523,9.998999347,9.682913847,0.338681125,8.530632624,3.830701533,9.530743804,10.84331653,0,3.466444406,9.188781687,12.26299918,0,1.967242401,2.824788216,5.337018832,2.65338109,2.877665734,10.36386098,7.677487101,5.579798641,9.144280952,9.286756422,5.021639623,9.429762402,1.371503105,14.69165084,9.820975098,5.61915767
102,14.52233019,3.59153581,4.703632307,0,9.932421469,8.076815597,8.589984398,10.02717341,0,10.05891172,8.648120259,7.101639572,10.82084111,0,6.518055105,6.853022548,0.452595435,14.01272055,7.825830139,10.82436213,0,9.969487255,11.82689403,10.00458566,0.796597754,9.931332918,2.93223129,9.214093227,9.849364439,0.796597754,2.785738854,9.260771376,11.21607285,0,1.98112199,3.871281834,8.092482316,0.796597754,3.006208245,6.352265939,8.712901812,6.862190998,8.837829739,8.374635246,3.976345304,9.487277313,0.796597754,12.82830709,9.107295552,7.272974964
106,12.89278755,8.228313659,6.621552282,0,9.877891456,8.382338701,8.783230724,7.195239313,0,7.841690136,8.587556267,8.629582479,9.400441866,0,9.127942749,5.120526128,2.775682702,12.30087589,11.5738507,10.99089106,2.705557745,8.921114945,10.61911951,9.614067481,1.71114245,9.132124387,3.87235599,7.823182512,12.3338318,0,3.381518726,9.623010856,11.9045142,0,0.405883473,4.286770281,5.902179727,4.855002987,2.705557745,9.103439939,8.020202146,7.182394353,8.481395824,8.909464111,5.497756053,9.62122771,0.405883473,14.0264197,8.785357648,9.154504225
80,16.03794155,7.115106092,8.542842285,0,10.52637208,9.280956314,10.92056128,7.069046911,2.164882798,7.115106092,7.219981623,7.690521858,8.693898102,0,10.25429641,10.26557989,0,13.67317655,9.445000357,8.519062205,0,8.894026489,9.798266034,7.596256857,0,7.653547332,4.851729056,5.390282475,9.781541678,0,1.455333797,10.69807954,9.837254203,1.422878839,1.853277114,3.982619452,6.295100342,5.477483056,3.143997409,10.70487196,10.27979627,8.352193538,10.00807841,8.767088652,3.623398682,8.64054863,3.279590153,14.4637734,9.095837413,8.720182684