CHROM,POS,REF,ALT,Bulk1_REF,Bulk1_ALT,Bulk2_REF,Bulk2_ALT
chr5,149631,C,A,7,20,33,9
chr5,1854206,C,T,38,41,29,24
chr5,1855045,T,C,52,80,45,54
chr5,1855058,G,A,54,79,53,50
chr5,2772176,T,C,12,22,19,27
chr5,2772646,A,G,112,196,97,164
chr5,2772821,T,G,87,164,82,119
chr5,2772873,A,G,23,57,30,42
chr5,3581142,G,A,11,18,16,17
chr5,9554851,G,A,14,28,17,29
chr5,12871373,A,T,21,3,27,15
chr5,13580309,C,T,28,35,29,54
chr5,13580655,G,A,12,23,15,26
chr5,15931883,C,G,45,49,33,58
chr5,18256754,G,A,206,197,164,197
chr5,18258545,A,G,50,48,49,60
chr5,18259840,G,C,62,46,50,38
chr5,18328082,A,G,9,28,10,26
chr5,20853110,C,T,34,25,20,26
chr5,21855130,C,A,18,16,25,18
chr5,22680657,A,G,18,15,24,35
chr5,25797650,T,C,50,35,38,54
chr5,25911765,G,A,41,47,40,55
chr5,25912531,A,G,164,146,164,164
chr5,25922670,A,G,43,20,19,29
chr5,26036821,A,G,52,37,40,43
chr5,26036856,G,A,51,38,39,49
chr5,26036936,C,T,90,60,68,75
chr5,26036972,C,T,82,48,63,68
chr5,26037017,C,T,62,30,44,55
chr5,26037105,C,G,71,36,42,56
chr5,26037136,C,G,68,37,41,56
chr5,26037214,A,G,55,34,38,49
chr5,26037333,C,T,39,24,22,28
chr5,26037440,C,T,23,33,20,33
chr5,26037458,G,C,21,32,20,30
chr5,26037498,A,G,22,34,18,28
chr5,26037605,A,G,18,19,15,17
chr5,27699244,G,A,21,18,19,23
chr5,34392530,T,C,6,127,101,5
chr5,34512764,A,G,4,105,128,9
chr5,34513092,G,A,3,31,38,7
chr5,34586182,T,A,11,112,111,7
chr5,34587276,G,C,0,69,65,4
chr5,35292614,G,C,0,43,33,1
chr5,36822155,G,C,3,76,95,6
chr5,36822161,G,T,3,71,95,6
chr5,36822163,C,T,3,73,91,6
chr5,36822182,G,C,3,76,86,6
chr5,38345177,G,C,0,28,34,0
chr5,38345198,G,C,0,24,28,0
chr5,38347030,A,G,4,87,58,8
chr5,38347303,G,A,10,88,92,9
chr5,38347414,G,T,2,59,51,4
chr5,38817965,T,C,7,39,64,1
chr5,38817985,C,T,6,34,56,1
chr5,39071551,A,G,5,104,81,9
chr5,40609560,A,G,3,74,79,10
chr5,40610200,G,A,8,146,169,11
chr5,40613339,T,G,1,40,19,2
chr5,40670968,A,G,3,33,21,4
chr5,40671540,G,A,1,24,19,4
chr5,41012880,G,A,6,63,56,9
chr5,45022637,A,G,10,72,59,18
chr5,45022668,A,G,11,109,67,22
chr5,45135856,A,G,5,22,33,5
chr5,45767383,C,T,15,75,56,32
chr5,45772990,T,G,7,75,45,22
chr5,45773017,G,C,9,79,48,21
chr5,45775365,G,A,12,76,49,29
chr5,45775404,T,C,11,80,54,27
chr5,45777091,T,C,0,42,16,18
chr5,47002643,G,A,14,87,66,39
chr5,49526164,T,C,5,15,19,3
chr5,49529894,T,C,86,365,393,176
chr5,49530349,T,C,94,468,384,185
chr5,49530892,T,C,127,579,522,251
chr5,49531073,G,A,113,420,458,183
chr5,49531124,T,C,105,349,399,135
chr5,49531206,C,G,17,73,94,38
chr5,50934198,G,A,12,16,31,3
chr5,50934217,C,A,13,17,32,3
chr5,51539199,C,T,2,57,29,16
chr5,51541154,C,G,93,770,547,328
chr5,52768803,G,C,8,79,56,32
chr5,52769029,G,A,20,82,55,24
chr5,52854202,A,G,55,556,330,266
chr5,52854398,A,G,60,478,287,196
chr5,52854830,T,C,59,729,350,361
chr5,52901081,T,C,3,24,17,5
chr5,52901701,A,G,9,64,27,22
chr5,52901810,G,T,24,180,77,46
chr5,52901842,C,T,28,220,100,60
chr5,53549085,A,G,3,33,35,26
chr5,53549093,C,T,3,32,33,22
chr5,53869292,G,C,2,26,25,12
chr5,53870881,C,T,5,51,23,22
chr5,54456099,C,T,2,21,23,12
chr5,54459292,C,T,4,16,15,17
chr5,61117335,C,A,5,62,32,27
chr5,61683060,T,C,18,43,65,22
chr5,61683064,T,C,18,40,69,21
chr5,64950705,G,A,3,36,22,14
chr5,64970264,C,A,19,124,104,38
chr5,67467649,G,T,8,28,25,14
chr5,67467805,C,A,9,44,23,18
chr5,67468251,A,G,7,40,14,18
chr5,67470061,C,T,15,67,48,36
chr5,67476641,G,C,18,127,54,41
chr5,67476974,T,C,4,39,24,17
chr5,67481518,C,T,10,63,41,35
chr5,67481523,C,A,10,59,42,34
chr5,67482191,T,C,5,63,46,36
chr5,67485082,C,T,4,38,19,13
chr5,68925544,A,C,12,50,40,31
chr5,69522446,C,T,6,20,30,9
chr5,69522634,G,A,4,23,27,19
chr5,69826025,G,A,2,25,18,22
chr5,71660797,G,A,2,22,8,15
chr5,71661469,C,T,2,100,21,58
chr5,71661654,A,T,2,99,21,60
chr5,71661669,T,C,4,110,20,69
chr5,71661684,C,G,6,94,21,65
chr5,71661714,G,C,7,104,14,64
chr5,71661906,T,C,7,169,13,94
chr5,71662112,C,A,4,77,19,53
chr5,71662146,A,G,4,66,10,45
chr5,71662160,A,G,3,56,10,40
chr5,71784502,C,T,52,302,177,209
chr5,71786889,T,C,1,36,12,13
chr5,72391526,G,A,7,59,23,33
chr5,72392521,G,T,8,51,40,25
chr5,72392781,T,C,9,52,21,31
chr5,72392794,A,G,8,46,20,28
chr5,73482111,A,G,8,26,20,13
chr5,75159352,C,A,6,54,26,27
chr5,75161309,T,C,6,44,20,25
chr5,75161444,A,G,10,68,22,23
chr5,75161447,A,G,9,68,22,23
chr5,75161487,T,C,15,82,25,30
chr5,75161655,A,G,22,160,82,57
chr5,75161767,C,A,22,140,74,85
chr5,75161826,A,T,19,104,56,68
chr5,75385478,C,G,6,51,19,21
chr5,75385536,T,C,8,55,24,28
chr5,75385542,C,T,8,53,24,28
chr5,75385551,G,C,8,51,25,29
chr5,76301042,T,C,22,213,99,69
chr5,76301056,G,C,26,219,102,73
chr5,76301061,C,A,26,204,104,68
chr5,76301260,T,C,21,192,112,75
chr5,76301282,G,C,19,189,119,76
chr5,76301921,C,G,25,174,159,117
chr5,78774435,A,G,7,29,42,23
chr5,78774443,A,C,8,46,46,34
chr5,79171006,A,C,5,26,16,14
chr5,79171906,G,C,15,58,36,23
chr5,79857155,G,C,8,47,10,16
chr5,85160910,G,A,5,35,9,15
chr5,85160912,T,C,5,38,9,15
chr5,85404606,C,A,16,289,95,170
chr5,85404662,A,G,11,274,77,153
chr5,85405470,A,C,11,190,65,101
chr5,85405499,C,T,11,132,58,76
chr5,85405547,C,T,9,73,38,40
chr5,85516855,A,G,15,98,31,77
chr5,86084402,T,C,7,21,44,8
chr5,86084492,C,T,7,36,48,23
chr5,86084859,A,G,17,124,67,70
chr5,86084861,A,C,17,123,67,71
chr5,86084946,G,A,20,147,86,86
chr5,86092646,G,A,8,61,36,30
chr5,86092803,G,A,2,41,18,32
chr5,86092815,T,G,1,41,16,27
chr5,86092827,G,A,1,34,19,22
chr5,86092878,G,A,1,22,14,15
chr5,93670163,G,T,2,74,28,31
chr5,93670174,A,G,4,80,27,32
chr5,93811309,G,T,11,54,38,21
chr5,93815222,A,G,11,49,63,35
chr5,95177600,C,G,1,33,21,22
chr5,96822205,T,C,66,579,276,358
chr5,97130731,T,C,1,21,12,15
chr5,97130821,T,C,0,21,16,18
chr5,97131053,G,T,3,26,23,19
chr5,97132621,T,C,21,142,120,111
chr5,97132984,A,C,35,291,195,221
chr5,97133103,T,C,15,52,51,37
chr5,97133108,T,C,13,54,45,40
chr5,97313431,C,T,8,62,27,47
chr5,97313960,T,G,2,30,15,20
chr5,97684533,T,C,3,36,17,20
chr5,97684535,T,A,3,35,16,19
chr5,97684539,C,G,3,34,17,20
chr5,98357799,A,G,32,259,148,184
chr5,99134104,A,G,4,41,23,26
chr5,99628490,G,A,4,19,14,15
chr5,99686330,G,A,13,74,47,55
chr5,101306582,A,T,6,75,32,21
chr5,101307009,T,G,32,219,62,113
chr5,101779029,A,T,14,67,33,63
chr5,102497099,G,A,5,44,18,29
chr5,102735362,T,G,3,36,11,17
chr5,106153829,G,A,19,17,24,27
chr5,106154517,C,T,68,32,55,32
chr5,106154587,G,T,61,6,39,10
chr5,106154593,A,G,58,6,38,9
chr5,112858841,G,A,1,28,23,20
chr5,112861638,C,T,7,65,27,36
chr5,112861728,G,A,7,68,38,50
chr5,113703685,C,G,15,83,49,46
chr5,113703738,C,G,12,84,36,44
chr5,113704782,G,T,10,64,12,39
chr5,113812285,A,G,15,107,45,67
chr5,113812988,A,G,3,37,16,15
chr5,114729966,A,G,14,6,47,3
chr5,117907115,A,G,6,29,26,16
chr5,117909271,G,A,25,268,125,153
chr5,117909463,C,A,35,214,117,162
chr5,119156739,T,C,5,44,27,39
chr5,121178457,C,T,13,32,26,11
chr5,121178598,G,C,29,181,70,98
chr5,121178718,A,C,34,198,87,118
chr5,121180495,A,G,14,89,72,41
chr5,121180881,A,G,5,66,19,27
chr5,121219878,C,T,21,180,84,119
chr5,121278187,T,C,3,38,18,28
chr5,121278276,G,C,4,32,21,24
chr5,121868380,C,A,6,21,18,15
chr5,121868432,G,T,5,25,12,16
chr5,122596577,G,A,20,125,89,99
chr5,122598785,A,G,1,25,15,19
chr5,122955071,T,A,3,18,18,15
chr5,125472025,T,C,6,46,28,24
chr5,125472073,G,A,5,33,25,14
chr5,125474379,A,G,9,70,15,21
chr5,126614832,T,C,4,17,17,15
chr5,127528432,C,T,40,337,134,150
chr5,127528443,G,T,40,342,134,150
chr5,128826052,C,T,5,15,15,14
chr5,129164325,G,A,21,56,81,40
chr5,129164418,A,G,22,32,67,15
chr5,129164613,C,G,19,123,71,60
chr5,129164641,C,T,12,106,66,55
chr5,129165233,A,T,5,77,28,21
chr5,129165393,A,C,7,52,22,20
chr5,129165397,A,C,7,53,23,21
chr5,129165404,G,T,7,49,23,21
chr5,129165423,C,A,8,40,25,18
chr5,129165425,T,C,8,40,23,17
chr5,129165447,G,A,6,38,22,21
chr5,129165532,G,T,4,29,20,18
chr5,129165547,C,G,3,28,18,18
chr5,129165548,C,G,3,29,18,18
chr5,129165680,A,C,4,40,14,23
chr5,129165731,C,G,4,39,15,25
chr5,129165742,C,T,4,37,16,25
chr5,129168879,G,T,2,21,10,11
chr5,129849945,T,C,4,38,29,17
chr5,133497452,T,G,5,19,21,7
chr5,136841633,G,T,3,40,36,25
chr5,137162653,A,G,14,90,27,52
chr5,137810140,A,G,3,56,17,38
chr5,138191419,T,C,3,35,7,22
chr5,138389831,G,C,6,68,18,25
chr5,140442699,A,G,6,63,35,41
chr5,142043645,C,T,13,81,50,58
chr5,142484379,C,G,29,215,123,133
chr5,144198208,C,A,9,31,21,41
chr5,144198254,C,G,9,27,21,43
chr5,145696444,G,T,20,120,72,51
chr5,145789567,A,G,8,67,30,56
chr5,145789624,A,G,10,58,33,42
chr5,148992398,T,C,3,36,5,26
chr5,150161115,G,A,5,30,13,12
chr5,150167172,A,G,5,61,31,41
chr5,150257034,C,T,18,126,45,68
chr5,150257089,T,G,19,199,60,97
chr5,152267979,C,T,3,20,14,14
chr5,152888696,A,G,6,42,22,27
chr5,166941876,G,A,3,26,11,11
chr5,167271568,C,T,4,33,15,28
chr5,167354090,G,A,1,20,14,15
chr5,168485523,C,T,7,59,37,30
chr5,168485533,G,A,7,62,34,29
chr5,168487839,G,A,11,10,31,4
chr5,169552342,C,T,8,100,63,67
chr5,172240790,T,C,36,163,77,68
chr5,172356665,T,C,72,546,221,254
chr5,172357392,G,A,28,264,134,98
chr5,174166151,A,G,5,58,19,13
chr5,174166332,G,C,3,33,19,17
chr5,177026948,T,C,2,33,24,15
chr5,177567892,G,T,4,19,14,14
chr5,177569946,G,C,11,38,32,19
chr5,180921748,A,T,7,33,18,21
chr5,180921874,T,G,3,33,16,16
chr5,180930970,C,T,22,159,90,152
chr5,181974307,C,T,6,50,37,39
chr5,182785650,G,A,17,91,56,58
chr5,185553011,A,G,5,27,33,17
chr5,185788146,T,C,15,85,42,67
chr5,190706278,C,T,27,233,133,105
chr5,190784421,G,A,14,81,52,56
chr5,190785315,C,A,33,126,84,66
chr5,191429338,A,G,5,67,33,38
chr5,197828202,G,A,14,91,25,41
chr5,197828537,T,G,4,49,25,30
chr5,199833946,C,T,10,84,49,82
chr5,200762036,G,C,30,243,93,135
chr5,201581301,C,T,3,37,19,18
chr5,203522031,G,C,1,24,22,25
chr5,203522490,G,T,17,104,34,45
chr5,203523706,G,A,29,25,73,22
chr5,203523777,C,T,33,74,86,40
chr5,203525418,T,C,7,42,24,37
chr5,204145356,T,C,6,48,17,40
chr5,204456336,C,T,9,81,51,33
chr5,204463210,G,C,3,26,21,17
chr5,204466196,G,A,6,80,27,33
chr5,204614170,G,A,11,100,67,70
chr5,204614585,A,G,1,53,17,37
chr5,205424990,C,T,17,76,50,56
chr5,207360511,G,A,4,34,19,19
chr5,208388683,G,A,11,74,39,42
chr5,211324533,T,C,15,56,45,55
chr5,214065115,C,T,3,19,10,10
chr5,215347945,G,A,2,25,12,11
chr5,215357674,G,A,13,86,47,59
chr5,220071590,C,T,5,23,9,15
chr5,220255765,C,G,86,540,320,347
chr5,221619373,G,A,18,92,46,43
chr5,222174400,A,G,5,46,30,25
chr5,222177086,G,A,6,42,15,19
chr5,227987559,A,T,16,119,75,87
chr5,227988112,T,G,2,47,30,27
chr5,228009440,G,A,3,19,15,13
chr5,229917727,A,C,5,49,20,26
chr5,230403328,C,T,20,109,44,69
chr5,230403551,G,A,5,35,19,21
chr5,230403762,T,C,16,58,23,24
chr5,230412499,A,G,336,360,652,191
chr5,231471787,A,G,6,63,29,21
chr5,231471871,A,G,9,30,29,26
chr5,231471873,T,C,9,30,32,25
chr5,231471882,T,C,8,26,32,24
chr5,231472014,A,G,7,57,26,40
chr5,231472134,G,T,5,40,19,21
chr5,232126299,G,T,1,22,9,16
chr5,233700785,G,A,9,33,22,12
chr5,237559222,T,C,19,111,53,45
chr5,237559777,T,C,11,95,34,32
chr5,237559873,G,A,3,49,33,24
chr5,237560451,C,T,9,65,49,52
chr5,241854881,A,G,6,43,19,27
chr5,242561146,T,C,10,25,22,28
chr5,244128541,A,G,33,35,25,38
chr5,244129105,G,A,29,22,19,20
chr5,244129114,G,C,27,15,15,18
chr5,244360900,C,T,5,15,5,23
chr5,247057985,G,A,30,44,20,26
chr5,249497203,G,C,13,21,22,27
chr5,249497495,C,T,27,44,28,24
chr5,249497500,A,G,25,46,28,24
chr5,249497654,T,C,12,34,17,19
chr5,249497686,T,C,16,27,20,15
chr5,249497697,G,T,16,26,21,14
chr5,249497728,C,A,18,22,25,13
chr5,249497947,C,T,13,16,11,14
chr5,249497974,C,G,14,19,6,17
chr5,249498081,T,G,7,14,11,11
chr5,250334881,C,A,6,19,18,11
chr5,256391812,T,G,28,167,89,104
chr5,256394988,A,G,5,41,14,13
chr5,256395728,C,T,4,19,13,11
chr5,263719039,G,A,6,23,15,18
chr5,265864043,T,C,10,38,23,27
chr5,265864129,A,G,2,25,10,17
chr5,265864179,C,T,4,35,25,28
chr5,265864196,T,C,7,43,29,31
chr5,265864245,T,C,10,56,35,39
chr5,269513555,G,C,2,22,12,17
chr5,278483469,A,G,21,93,44,61
chr5,282513691,G,C,11,57,64,46
chr5,294496932,A,G,5,72,27,39
chr5,294497637,A,G,3,31,9,14
chr5,295551443,A,G,16,88,53,87
chr5,298238920,C,T,43,254,136,162
chr5,298400844,G,C,12,28,28,25
chr5,298401108,C,T,8,72,16,28
chr5,299003452,A,C,36,236,157,200
chr5,299009380,G,A,4,31,20,13
chr5,304192080,G,A,24,276,144,208
chr5,305435461,A,G,3,54,11,20
chr5,305678710,T,C,5,77,26,25
chr5,306455477,G,A,23,116,83,78
chr5,309107214,C,G,5,34,25,19
chr5,311791495,G,A,38,162,102,112
chr5,316940702,T,A,10,42,19,37
chr5,317078647,C,G,10,63,33,45
chr5,318206359,G,C,11,153,61,70
chr5,322912872,C,T,3,36,21,16
chr5,324864788,A,G,4,70,36,31
chr5,333336226,C,G,7,22,25,21
chr5,334001151,G,A,5,34,14,9
chr5,334212644,A,G,11,73,32,37
chr5,334370120,G,A,17,73,38,75
chr5,334370209,G,T,10,52,32,51
chr5,337418460,T,C,40,321,138,223
chr5,337426915,T,C,5,22,20,12
chr5,339156389,T,G,10,44,20,23
chr5,339156450,T,C,10,37,19,27
chr5,342836487,C,T,3,45,23,27
chr5,343749570,G,C,5,27,22,20
chr5,344228274,A,G,4,29,15,11
chr5,344300883,T,C,23,120,66,74
chr5,345360923,A,G,2,19,14,6
chr5,345412352,G,A,26,131,32,57
chr5,345429041,C,T,4,49,33,25
chr5,345429078,G,A,3,43,33,24
chr5,345863121,A,G,11,34,29,35
chr5,345863368,A,G,28,217,122,118
chr5,346180329,G,C,13,101,35,54
chr5,347817185,G,A,2,32,24,29
chr5,347819661,T,A,1,22,24,20
chr5,347821842,G,A,16,130,68,87
chr5,347822859,G,A,22,112,43,69
chr5,347826514,T,G,6,40,19,25
chr5,347826828,C,T,12,87,48,39
chr5,348642484,G,T,6,19,18,11
chr5,349256810,A,T,17,153,89,107
chr5,349257535,A,G,31,138,115,107
chr5,350518626,T,C,5,57,25,14
chr5,350586405,A,G,6,38,20,38
chr5,351393088,C,A,10,24,14,14
chr5,351761304,T,C,4,53,11,23
chr5,351762698,A,T,6,60,35,21
chr5,351762790,A,G,8,59,26,21
chr5,351776449,A,G,6,47,14,28
chr5,351912436,G,C,6,54,23,21
chr5,352024214,T,C,7,52,29,26
chr5,352024245,G,A,5,51,25,24
chr5,352024284,A,G,7,63,30,36
chr5,352024373,C,T,6,42,29,35
chr5,352024446,G,T,4,33,27,26
chr5,352024447,A,C,4,33,27,25
chr5,352024494,A,G,4,39,23,23
chr5,352024647,A,G,4,34,16,24
chr5,352024723,T,C,1,20,13,16
chr5,353392515,A,T,4,61,47,32
chr5,353393423,T,G,12,101,67,60
chr5,353393625,C,T,12,52,33,21
chr5,353539336,A,G,5,31,19,20
chr5,354751587,C,T,19,81,57,54
chr5,354753720,A,T,1,26,10,10
chr5,355376258,A,G,6,54,24,32
chr5,355376318,C,A,2,42,21,18
chr5,355386606,G,C,7,24,19,24
chr5,355594636,C,A,6,30,17,26
chr5,356077152,C,G,9,60,35,38
chr5,356173327,G,C,3,61,44,51
chr5,356173348,T,C,2,56,49,52
chr5,356173487,T,A,11,75,52,70
chr5,356173498,A,G,11,75,53,73
chr5,356173597,T,C,12,88,54,57
chr5,356672126,G,A,12,47,13,23
chr5,356777761,G,T,6,23,23,12
chr5,357288938,G,C,4,60,22,25
chr5,357290208,T,C,23,163,55,77
chr5,357292786,C,T,8,52,15,24
chr5,357450544,T,A,6,44,12,20
chr5,357450652,C,G,3,22,20,18
chr5,357522790,A,G,108,547,275,353
chr5,357525220,G,T,116,231,310,127
chr5,357525221,C,T,112,229,315,122
chr5,357525227,G,A,145,220,350,121
chr5,357525242,T,C,147,221,351,104
chr5,357525288,G,C,157,121,397,56
chr5,357525318,G,C,151,78,368,34
chr5,359029314,C,T,4,30,17,31
chr5,362744136,C,T,6,38,13,19
chr5,363276000,T,G,18,120,72,68
chr5,363501691,G,T,12,41,24,31
chr5,364227354,G,C,51,217,149,150
chr5,367449948,G,A,25,165,67,110
chr5,367451404,G,A,5,20,13,19
chr5,368373373,T,C,11,44,36,35
chr5,368373789,G,A,34,180,100,104
chr5,368373888,A,C,20,87,63,62
chr5,368373893,G,A,17,91,53,63
chr5,369465062,T,C,11,39,22,34
chr5,370908580,A,G,15,84,48,68
chr5,371327821,A,G,5,27,15,16
chr5,372209792,T,C,17,186,64,69
chr5,372210068,G,A,24,152,52,55
chr5,375515036,G,A,54,179,197,101
chr5,376744965,G,A,22,113,82,95
chr5,382784414,C,T,13,92,51,70
chr5,383822254,A,G,2,42,13,22
chr5,384860487,C,T,7,49,34,26
chr5,385373858,C,T,3,41,23,47
chr5,386492965,G,A,8,54,33,46
chr5,388422801,T,C,17,137,55,71
chr5,388422844,C,T,18,128,51,61
chr5,389927782,C,T,57,374,190,271
chr5,390507143,A,G,36,181,76,113
chr5,391775260,G,T,7,36,18,10
chr5,392027302,T,A,8,36,21,30
chr5,395165842,G,A,105,706,324,480
chr5,395424864,A,C,8,23,14,20
chr5,397092347,G,C,9,87,44,48
chr5,399223815,T,C,12,59,22,27
chr5,399389373,C,T,7,31,24,31
chr5,399412638,C,T,15,100,50,63
chr5,399835538,T,C,8,58,37,54
chr5,401514472,T,C,2,22,11,17
chr5,404378762,A,G,3,26,18,14
chr5,407105384,T,A,36,262,137,153
chr5,407326374,G,C,26,204,66,102
chr5,410630104,G,A,10,119,40,78
chr5,412517278,G,A,2,26,21,38
chr5,412573833,G,A,7,45,10,28
chr5,415194844,G,A,16,70,52,58
chr5,415194869,G,A,20,73,49,69
chr5,418028949,C,G,6,29,32,25
chr5,418435750,T,C,11,96,45,63
chr5,419879743,A,G,13,83,44,56
chr5,420641494,G,A,14,94,45,49
chr5,421065753,G,A,10,29,10,20
chr5,421480124,A,G,5,30,16,15
chr5,421480249,C,T,5,45,19,33
chr5,422130404,C,G,11,44,24,34
chr5,424546841,A,G,64,517,229,383
chr5,424547854,T,C,34,200,100,141
chr5,425042462,T,C,5,21,14,9
chr5,425042887,A,G,5,120,27,55
chr5,425472205,T,C,42,201,79,165
chr5,426052568,G,A,1,33,11,15
chr5,426052574,G,A,1,35,12,16
chr5,426055914,C,T,3,81,17,42
chr5,426729454,G,C,11,46,26,33
chr5,426729574,T,C,10,66,39,40
chr5,426729850,G,A,26,81,60,65
chr5,426729867,G,C,27,77,52,58
chr5,427338330,C,T,19,185,107,132
chr5,427339306,T,C,77,392,233,328
chr5,429643936,C,G,60,189,130,138
chr5,429647360,G,A,7,21,16,12
chr5,429926842,C,T,5,24,31,16
chr5,430088786,C,T,6,16,13,13
chr5,436818554,G,A,5,26,18,17
chr5,438508881,T,C,9,44,19,40
chr5,440338652,T,C,16,48,33,46
chr5,445203390,C,T,13,48,51,33
chr5,447515693,G,A,10,33,24,30
chr5,448542581,A,G,14,40,22,31
chr5,449413570,C,T,3,39,16,21
chr5,449746392,T,A,7,36,16,33
chr5,455804277,T,A,4,47,19,43
chr5,455804580,G,C,2,37,20,31
chr5,456964561,A,G,5,40,29,30
chr5,459674799,C,T,8,31,16,13
chr5,459676001,T,C,5,42,12,17
chr5,459705141,C,T,15,74,26,32
chr5,459715223,G,A,3,22,17,16
chr5,464244695,C,T,11,54,15,42
chr5,466629303,T,C,1,69,27,37
chr5,466916884,T,C,13,83,88,115
chr5,469739687,G,A,27,200,89,130
chr5,470594930,A,G,22,106,72,74
chr5,473078619,T,G,8,67,31,52
chr5,473081401,G,C,2,28,13,14
chr5,473086755,G,A,4,23,10,10
chr5,473087651,T,C,4,29,12,17
chr5,473087933,G,C,3,17,27,22
chr5,473090359,T,C,11,98,25,51
chr5,475009078,T,C,9,108,38,66
chr5,477191956,G,C,17,130,68,133
chr5,477191997,A,C,14,106,53,94
chr5,481965957,A,G,39,359,116,196
chr5,481968123,A,G,8,48,23,29
chr5,483360021,T,G,10,199,47,115
chr5,485136694,C,T,20,87,46,61
chr5,485569580,A,T,7,39,33,42
chr5,485569756,G,A,10,67,41,72
chr5,485574215,C,G,7,35,16,22
chr5,486951126,A,T,3,40,24,22
chr5,486951129,G,A,3,38,23,22
chr5,486952866,G,A,12,47,28,37
chr5,486952875,G,C,12,45,29,30
chr5,486952929,T,C,6,41,23,28
chr5,486952939,G,A,5,38,22,27
chr5,486952960,G,A,5,41,17,29
chr5,486953021,A,C,8,59,17,32
chr5,486953057,C,T,4,61,16,35
chr5,486953143,G,A,1,38,15,28
chr5,488271967,G,A,68,322,149,252
chr5,488272024,A,C,68,334,141,213
chr5,488272348,G,A,43,372,122,195
chr5,488277088,T,A,3,17,18,18
chr5,488479360,A,C,2,31,12,26
chr5,488860163,G,A,7,29,11,12
chr5,490595165,C,A,0,31,7,16
chr5,490763669,C,G,27,16,29,20
chr5,490785568,T,C,14,35,11,20
chr5,491004880,A,T,19,22,37,15
chr5,491239182,T,G,16,119,37,61
chr5,491974897,C,T,30,145,83,117
chr5,492936330,A,C,8,66,18,27
chr5,492936720,C,T,11,82,38,58
chr5,494724381,A,C,4,37,11,27
chr5,494742827,G,A,6,40,19,41
chr5,494920820,T,C,8,73,26,63
chr5,494920939,A,G,33,175,61,123
chr5,495597201,C,T,51,234,100,164
chr5,495597250,C,T,61,240,106,169
chr5,495597824,T,C,27,124,38,58
chr5,501794556,G,C,21,70,40,48
chr5,501794661,T,C,15,88,31,45
chr5,501794681,C,G,18,81,33,40
chr5,501830603,T,G,7,42,14,14
chr5,501830655,A,C,10,60,14,21
chr5,501830730,C,T,11,62,15,17
chr5,501836249,A,G,28,137,66,124
chr5,501868415,G,T,13,27,30,29
chr5,501868468,T,G,12,35,31,30
chr5,503735633,T,C,26,188,94,104
chr5,503741199,G,T,5,40,14,8
chr5,503742295,C,T,3,24,10,11
chr5,503742376,A,G,4,31,13,14
chr5,504738559,G,C,14,75,18,30
chr5,504738921,G,C,13,88,31,40
chr5,505483546,A,G,8,62,23,53
chr5,509202076,C,T,6,45,36,36
chr5,510282480,C,T,2,34,11,21
chr5,511763218,A,G,11,84,39,80
chr5,511763378,A,T,11,55,42,42
chr5,512648703,A,T,9,49,23,28
chr5,512649026,T,C,14,78,24,62
chr5,512801866,G,T,18,84,21,52
chr5,512802761,G,A,11,37,13,26
chr5,513609717,A,C,83,690,221,554
chr5,514682248,T,C,9,48,26,36
chr5,514905395,A,G,9,54,32,56
chr5,515434324,C,T,5,37,6,19
chr5,515714100,T,A,19,58,44,72
chr5,515714105,A,T,19,58,47,71
chr5,516996415,G,C,13,59,44,48
chr5,517631710,T,C,27,90,42,62
chr5,518059885,C,T,140,614,263,407
chr5,518104954,A,G,8,30,20,31
chr5,518679713,G,A,5,17,12,14
chr5,518680197,T,C,6,16,11,14
chr5,518680230,C,A,5,33,17,20
chr5,518935473,C,T,28,112,59,85
chr5,518935695,G,T,47,151,103,113
chr5,518935726,C,G,40,107,103,83
chr5,520115695,T,G,6,24,11,21
chr5,520115712,A,C,6,25,10,23
chr5,520463377,T,C,6,20,19,16
chr5,520463884,A,G,45,198,137,192
chr5,520464472,C,T,27,64,62,70
chr5,520615989,T,G,3,23,5,21
chr5,521446245,G,C,24,119,53,68
chr5,521446320,C,T,27,94,53,51
chr5,521448286,C,G,22,106,65,104
chr5,522514595,A,G,10,26,16,37
chr5,523464883,C,T,11,21,35,14
chr5,524315167,A,G,8,32,15,18
chr5,524317355,C,G,15,55,32,42
chr5,524370304,A,G,4,26,22,14
chr5,524370313,C,A,4,27,24,16
chr5,525640913,A,G,9,29,17,22
chr5,525640999,G,C,8,37,15,23
chr5,525641136,C,T,6,20,15,22
chr5,525641289,G,T,5,16,14,11
chr5,528037375,A,G,6,47,16,31
chr5,528339604,T,C,4,25,18,17
chr5,528344286,G,T,10,56,23,20
chr5,528736027,A,G,6,57,31,32
chr5,530443051,A,G,133,722,316,520
chr5,530443582,T,G,50,381,194,263
chr5,530444425,A,G,183,644,306,450
chr5,530445548,G,A,62,364,204,219
chr5,530445671,A,G,75,444,168,205
chr5,531124562,G,T,35,261,118,173
chr5,531124835,A,C,13,107,48,47
chr5,531712514,A,G,67,450,172,322
chr5,531712659,G,C,11,26,31,26
chr5,531720926,G,A,15,10,35,4
chr5,531720969,A,G,15,11,36,10
chr5,532056171,A,G,21,105,35,58
chr5,532056330,C,T,25,136,52,67
chr5,532056532,G,A,29,192,61,78
chr5,532056582,C,T,24,192,55,75
chr5,534744714,C,T,74,307,177,204
chr5,537503139,G,A,21,122,34,51
chr5,537503195,C,T,22,129,52,47
chr5,538176237,T,C,7,78,34,31
chr5,538822590,G,A,3,20,21,24
chr5,538822722,T,C,3,40,19,24
chr5,538822929,T,C,9,36,27,18
chr5,539182935,G,T,1,30,11,11
chr5,540998670,T,C,3,53,20,42
chr5,541000094,C,T,4,29,14,21
chr5,542666009,T,C,10,45,23,36
chr5,543456635,G,C,4,32,10,10
chr5,543461598,G,A,22,122,75,63
chr5,543464755,C,G,6,38,19,22
chr5,543464977,T,C,4,28,7,21
chr5,545242522,C,T,6,62,30,61
chr5,547905790,A,T,10,80,16,59
chr5,547905843,A,G,10,75,15,58
chr5,547905907,T,C,7,68,12,59
chr5,547906033,A,T,12,39,18,31
chr5,548650193,T,C,1,78,8,70
chr5,548650214,T,C,2,71,8,59
chr5,548650280,G,A,4,102,14,69
chr5,548650334,A,G,4,156,19,112
chr5,548651160,C,A,5,27,13,29
chr5,552779130,A,G,16,116,28,107
chr5,552822749,T,A,44,177,116,202
chr5,552822828,T,C,92,510,202,390
chr5,552823036,A,G,72,433,203,329
chr5,552823240,T,G,65,421,194,322
chr5,552823255,A,G,68,441,221,377
chr5,552824661,G,A,4,253,26,194
chr5,553015400,G,T,29,168,68,142
chr5,553046810,G,C,14,147,31,83
chr5,553046993,A,G,5,40,13,23
chr5,553047023,C,G,4,35,10,20
chr5,553047714,T,G,2,26,11,12
chr5,553047716,C,G,3,26,10,13
chr5,553047761,A,G,2,35,13,14
chr5,553047794,C,T,1,30,15,13
chr5,553271763,A,G,6,41,22,17
chr5,553271804,C,T,5,34,19,19
chr5,554838186,C,G,6,20,14,20
chr5,554839461,A,G,2,27,8,35
chr5,555753756,C,A,11,37,17,44
chr5,556045978,T,G,24,86,39,60
chr5,556045995,G,T,26,91,40,69
chr5,556046036,T,C,26,84,31,58
chr5,556603923,T,C,12,28,14,18
chr5,556604211,C,T,17,111,52,89
chr5,556604225,A,G,18,112,50,93
chr5,556604530,C,G,17,71,29,45
chr5,556610161,T,G,22,100,36,61
chr5,556610162,G,C,23,99,37,61
chr5,556611118,G,A,16,63,30,56
chr5,556613835,C,T,7,29,12,23
chr5,556722488,T,C,11,33,25,30
chr5,556722502,C,T,19,59,43,59
chr5,556722574,C,T,66,258,113,247
chr5,558295790,G,A,8,29,20,40
chr5,558295825,C,T,10,32,27,39
chr5,559567119,G,C,11,46,23,25
chr5,559926730,A,G,48,226,97,197
chr5,561862574,A,G,46,284,78,222
chr5,561863656,G,A,13,40,14,21
chr5,563101274,T,C,4,34,16,20
chr5,563101480,C,A,9,60,29,26
chr5,563291440,G,T,68,334,187,233
chr5,563291535,C,T,73,348,166,208
chr5,563294359,A,C,17,135,47,76
chr5,563294622,T,C,21,117,53,50
chr5,563543751,G,A,3,17,7,15
chr5,563706136,C,T,43,170,104,104
chr5,563706338,G,A,37,98,64,64
chr5,564371710,T,C,6,42,15,23
chr5,564635207,C,G,13,54,34,57
chr5,564997160,G,C,27,96,27,50
chr5,564998844,G,C,24,109,45,60
chr5,564999001,T,A,10,40,11,29
chr5,565815611,C,T,11,44,20,28
chr5,567238116,G,T,5,27,12,26
chr5,567665684,G,T,22,125,36,77
chr5,567671764,A,G,11,64,28,46
chr5,567919758,C,T,28,186,72,133
chr5,567919903,G,C,43,174,62,121
chr5,567919931,G,C,35,144,61,95
chr5,568403949,T,C,5,36,21,40
chr5,568403978,A,T,8,29,23,31
chr5,572243288,G,A,3,24,11,14
chr5,572244308,C,T,11,39,26,34
chr5,574145233,A,G,17,67,26,26
chr5,574633127,C,T,46,170,93,124
chr5,575667011,C,T,7,40,25,28
chr5,575830132,G,T,30,106,42,78
chr5,575935890,A,G,104,529,199,396
chr5,575935914,C,T,122,545,226,435
chr5,575935947,G,C,128,587,225,451
chr5,575942461,T,C,33,85,44,61
chr5,575942641,G,A,17,52,34,49
chr5,575942741,G,T,10,47,24,24
chr5,575965422,A,C,13,38,22,51
chr5,575968666,C,T,9,42,14,21
chr5,575968724,G,A,6,27,15,15
chr5,576558946,A,G,26,80,21,80
chr5,576559090,C,G,17,64,18,50
chr5,576559128,G,C,13,36,10,29
chr5,576832365,G,A,12,43,22,26
chr5,576832433,A,G,14,58,19,34
chr5,577167290,C,T,7,17,14,13
chr5,577415311,C,T,15,79,37,47
chr5,577696765,T,C,22,40,23,37
chr5,577843748,G,C,4,18,10,15
chr5,577959719,A,G,14,43,16,37
chr5,578283222,A,C,20,76,28,58
chr5,578545129,C,G,13,82,19,59
chr5,578545226,C,G,17,77,29,44
chr5,578545285,G,C,11,101,22,62
chr5,578545309,C,T,12,79,18,53
chr5,578545330,T,A,10,81,23,44
chr5,578545339,A,G,14,88,24,54
chr5,579169966,T,A,7,18,13,20
chr5,579552257,G,A,12,19,15,33
chr5,580056566,G,A,12,55,20,52
chr5,580057284,T,C,51,159,68,150
chr5,581632251,C,A,20,61,38,42
chr5,581633227,C,T,10,58,24,26
chr5,581634352,C,T,36,105,40,108
chr5,581635860,T,A,28,87,52,90
chr5,581980719,C,G,30,77,28,48
chr5,582519737,C,A,10,16,17,33
chr5,586215441,C,A,8,24,13,19
chr5,586285070,G,T,7,56,15,20
chr5,586473830,A,G,15,21,23,20
chr5,586474106,C,T,21,14,34,14
chr5,586474315,G,A,3,55,13,44
chr5,586474399,C,T,1,38,7,36
chr5,586623783,G,A,13,35,14,9
chr5,587072811,A,C,15,26,23,34
chr5,587072815,G,A,14,24,23,34
chr5,587076385,T,C,18,54,8,42
chr5,587297109,C,T,80,297,138,188
chr5,587297567,C,A,20,71,40,45
chr5,587954472,A,G,27,38,17,23
chr5,590523503,C,G,8,35,26,27
chr5,590523816,A,C,25,134,39,91
chr5,590524224,A,G,3,51,21,32
chr5,591306158,T,A,6,20,6,18
chr5,592583872,C,T,5,20,7,13
chr5,593492293,G,A,7,20,15,21
chr5,594429568,A,G,69,202,92,213
chr5,594832667,T,A,72,242,184,230
chr5,594833124,G,C,114,349,174,279
chr5,594833338,G,C,14,9,23,37
chr5,594879106,G,A,8,18,18,28
chr5,595226498,C,T,19,50,22,42
chr5,595226799,C,T,26,86,28,81
chr5,595229115,G,T,39,110,73,73
chr5,595229282,C,G,22,74,42,41
chr5,595563772,C,T,22,39,22,39
chr5,595623744,T,A,25,8,32,5
chr5,595623745,C,G,25,8,32,5
chr5,595623746,G,C,25,8,32,4
chr5,595623759,T,G,24,10,32,10
chr5,595623875,C,T,37,16,40,17
chr5,595626749,T,C,36,57,37,44
chr5,597699852,C,T,11,23,17,20
chr5,598537112,T,C,7,27,18,25
chr5,599149741,C,T,18,29,23,52
chr5,599150028,A,C,47,142,61,156
chr5,599581068,C,G,21,62,32,51
chr5,599583446,A,G,20,61,17,51
chr5,599583681,C,G,36,98,32,78
chr5,599584366,T,C,45,135,49,86
chr5,599584515,G,A,26,75,35,73
chr5,599592228,C,T,48,104,78,168
chr5,599839524,C,G,10,25,11,9
chr5,599868255,G,A,51,98,58,118
chr5,599869682,A,G,7,17,10,17
chr5,600449374,A,C,14,40,17,35
chr5,601187976,T,C,100,215,105,162
chr5,601188019,A,C,95,187,102,132
chr5,601190443,C,T,29,49,23,25
chr5,601190661,T,C,35,69,28,40
chr5,601342442,G,T,16,38,9,25
chr5,601342460,A,C,17,35,8,30
chr5,601343182,C,T,7,33,12,41
chr5,602635014,C,T,14,25,15,18
chr5,602635130,G,C,16,9,26,14
chr5,602835313,C,T,31,121,53,103
chr5,602835471,G,A,30,105,53,88
chr5,602846929,G,T,8,14,8,25
chr5,603670808,C,G,11,16,15,22
chr5,603671196,A,G,30,96,40,72
chr5,603671352,C,G,30,60,29,54
chr5,604272584,C,T,38,100,34,70
chr5,604286139,C,G,80,277,97,321
chr5,604286183,G,A,110,318,99,353
chr5,604286928,A,G,63,155,62,167
chr5,604287219,A,G,21,75,33,79
chr5,604288373,T,C,12,28,12,19
chr5,605003154,G,A,38,115,57,91
chr5,605003414,T,A,32,140,54,99
chr5,605006186,C,T,48,56,46,67
chr5,605007610,C,T,38,81,53,103
chr5,605283504,G,T,25,61,36,41
chr5,605283634,T,C,40,60,60,52
chr5,605678487,C,G,11,47,21,38
chr5,608267527,T,C,33,106,49,86
chr5,608267662,A,G,20,79,46,82
chr5,608779590,A,G,26,31,19,29
chr5,608779835,T,C,88,213,111,176
chr5,608803826,A,C,20,10,17,16
chr5,609355462,A,T,12,41,17,32
chr5,609355543,T,A,7,37,17,40
chr5,610669651,C,G,19,75,34,75
chr5,610671473,G,A,70,135,63,87
chr5,610672388,A,G,81,186,78,199
chr5,611006597,T,C,39,76,40,74
chr5,611349628,T,C,16,24,19,26
chr5,611349631,A,G,15,24,18,24
chr5,611349640,T,C,17,26,24,25
chr5,611349993,C,T,34,46,48,58
chr5,611350139,C,T,33,14,59,11
chr5,611350279,C,A,15,17,26,27
chr5,613074322,T,G,11,62,10,50
chr5,613989266,G,A,26,66,17,38
chr5,613989419,A,C,13,34,14,29
chr5,614489220,T,C,8,45,15,47
chr5,614489234,A,G,8,46,18,51
chr5,614489589,T,C,4,31,20,25
chr5,614504270,C,G,13,28,11,37
chr5,614781362,T,A,54,25,60,20
chr5,614782731,G,A,47,75,49,82
chr5,614884980,A,G,10,44,12,27
chr5,614885163,G,A,6,31,13,15
chr5,614886935,G,A,5,24,7,19
chr5,614887129,A,G,4,22,5,20
chr5,615420891,A,G,20,46,18,21
chr5,615421082,T,C,21,44,27,22
chr5,615432882,A,G,38,41,50,22
chr5,615432926,G,A,28,27,42,22
chr5,616020451,G,A,14,14,13,8
chr5,616022758,T,C,36,51,23,31
chr5,616818626,G,A,6,27,14,24
chr5,616938694,A,G,12,11,14,14
chr5,616938739,A,G,13,12,17,13
chr5,616938826,G,A,31,17,35,29
chr5,616938945,T,G,10,12,25,25
chr5,617888413,C,T,36,41,42,27
chr5,617888438,G,A,44,69,49,40
chr5,617888464,G,A,40,71,48,40
chr5,617888523,A,G,30,82,39,53
chr5,618377980,C,G,16,30,17,26
chr5,619392879,G,A,34,87,59,72
chr5,619808482,G,A,61,154,89,140
chr5,620034505,A,G,138,493,263,363
chr5,621026237,A,G,6,18,18,29
chr5,621026305,G,A,10,17,13,30
chr5,621026374,T,C,13,18,14,31
chr5,624021898,C,T,90,301,147,206
chr5,624398286,C,A,270,167,353,92
chr5,624398497,C,G,226,290,300,177
chr5,624398843,A,G,202,427,297,331
chr5,624399504,C,T,205,394,343,331
chr5,624399505,A,G,189,401,333,332
chr5,624399698,C,T,264,361,359,293
chr5,624399930,A,T,289,396,368,363
chr5,624399945,T,G,357,314,381,307
chr5,624399966,C,T,401,204,425,216
chr5,624399988,C,G,457,223,458,189
chr5,624399996,T,C,462,204,469,163
chr5,624400000,T,C,463,202,478,164
chr5,624400040,A,G,459,296,479,230
chr5,624400052,C,T,459,321,480,260
chr5,624400122,A,G,200,379,233,337
chr5,626091051,T,C,39,108,23,77
chr5,626091385,G,C,31,54,19,44
chr5,626091517,C,T,16,28,16,24
chr5,627415014,G,C,171,517,184,517
chr5,627802410,C,G,14,21,27,18
chr5,627802583,C,T,23,23,31,25
chr5,627807146,T,C,68,221,122,230
chr5,627808920,C,T,10,23,19,28
chr5,627809102,T,C,10,23,16,32
chr5,627809107,C,T,9,23,17,27
chr5,629667567,C,T,38,98,54,137
chr5,629667617,C,T,27,72,34,95
chr5,629667618,G,A,27,72,34,95
chr5,629667671,C,T,51,62,66,74
chr5,629671992,G,C,7,45,13,29
chr5,630047079,G,C,39,22,30,12
chr5,630047117,G,T,41,23,33,19
chr5,630047304,A,G,25,30,31,35
chr5,630132217,C,T,47,51,28,17
chr5,630133215,T,A,25,34,25,25
chr5,630133535,C,T,34,15,30,9
chr5,630133544,T,C,35,14,29,7
chr5,630133553,C,T,37,13,30,4
chr5,630133784,G,A,44,9,41,8
chr5,630133787,A,T,44,9,40,8
chr5,630133940,G,A,36,6,49,9
chr5,630133977,T,C,38,6,49,5
chr5,630133979,A,G,38,6,48,5
chr5,630253623,C,T,29,35,22,41
chr5,630253646,C,T,38,58,31,61
chr5,630257377,G,A,39,64,37,47
chr5,630257455,C,T,63,127,52,101
chr5,630261398,C,T,7,22,13,11
chr5,630261407,T,C,7,21,14,11
chr5,630261479,G,A,13,21,15,18
chr5,630449879,C,T,307,506,277,536
chr5,630449960,C,T,330,512,258,567
chr5,630450086,A,G,264,572,234,570
chr5,630459549,T,C,21,38,17,31
chr5,630543434,T,C,11,26,22,23
chr5,630545028,A,G,26,100,39,70
chr5,630545054,A,G,34,112,42,95
chr5,630545076,C,A,42,118,43,98
chr5,630545094,A,G,47,115,48,92
chr5,630545129,C,T,49,102,50,92
chr5,630818023,C,T,40,53,24,37
chr5,630818649,C,T,55,91,34,70
chr5,630818993,C,T,71,78,74,117
chr5,630819071,T,G,42,75,36,90
chr5,630819904,G,T,36,50,35,52
chr5,630820494,G,T,30,56,29,24
chr5,630821040,T,C,10,33,18,22
chr5,630948105,T,C,22,31,12,27
chr5,630948169,G,T,25,32,14,34
chr5,630948197,G,C,29,30,15,33
chr5,630951322,C,T,15,42,18,42
chr5,630951969,A,C,6,36,4,24
chr5,630952028,A,G,2,34,4,19
chr5,631395437,C,T,11,30,16,24
chr5,631396151,T,A,46,84,36,81
chr5,631396242,G,A,29,41,19,57
chr5,632068175,T,C,7,20,5,17
chr5,632069225,C,T,10,29,8,30
chr5,632069249,C,T,12,31,7,34
chr5,632069348,T,C,11,36,14,21
chr5,632069354,G,A,12,34,14,18
chr5,632069411,A,G,16,58,25,22
chr5,632069429,C,T,15,65,27,25
chr5,632069549,T,C,35,72,30,47
chr5,632069567,G,A,42,70,34,47
chr5,632069645,G,A,48,85,41,69
chr5,632069720,C,T,46,97,51,83
chr5,632069873,G,A,58,79,41,75
chr5,632070041,T,C,18,35,25,43
chr5,632070152,C,T,8,18,8,18
chr5,632070230,T,C,58,101,54,98
chr5,632070597,T,G,35,61,29,79
chr5,632076830,G,C,32,56,36,34
chr5,632077398,G,T,19,59,27,50
chr5,632091972,A,G,35,49,45,65
chr5,632447231,G,A,15,64,15,44
chr5,632447233,T,C,15,66,15,43
chr5,632449178,A,G,35,121,41,151
chr5,632449195,T,C,31,116,36,144
chr5,632449242,T,G,26,85,46,105
chr5,632764401,C,T,24,54,20,56
chr5,632765440,T,C,10,26,9,28
chr5,632788561,G,A,12,27,11,17
chr5,632789134,G,A,17,19,18,23
chr5,632868280,A,G,7,15,12,14
chr5,633716526,C,T,38,77,43,82
chr5,633716573,T,G,38,63,41,78
chr5,635072415,A,G,12,19,16,13
chr5,635072544,G,A,11,12,7,18
chr5,635077653,A,G,47,57,39,79
chr5,635077724,C,T,65,97,66,121
chr5,635077796,G,A,69,147,81,135
chr5,635077836,G,A,71,170,77,132
chr5,635078262,A,G,42,108,54,102
chr5,635230356,A,G,18,47,23,43
chr5,635458984,A,G,20,47,15,31
chr5,635459077,T,C,34,69,24,26
chr5,636074375,C,T,14,27,17,30
chr5,636076634,A,G,56,117,60,151
chr5,636076687,G,T,63,151,61,162
chr5,636076772,T,C,91,193,71,179
chr5,636076782,T,G,81,172,68,149
chr5,636076783,T,C,81,174,69,148
chr5,636080088,C,T,26,65,18,52
chr5,636495117,C,T,20,28,16,25
chr5,638170248,A,C,12,33,11,45
chr5,640988289,A,C,29,34,17,28
chr5,641270348,A,G,18,3,23,8
chr5,641270349,C,A,18,3,23,8
chr5,642053358,G,C,10,19,11,19
chr5,642054165,C,G,19,15,15,13
chr5,642054169,C,T,19,14,16,13
chr5,642054213,C,G,32,24,21,24
chr5,642054305,C,T,28,48,19,57
chr5,642055574,C,T,34,93,32,50
chr5,642325502,G,A,87,163,61,113
chr5,642325853,G,T,43,100,29,74
chr5,642326575,A,C,38,40,25,30
chr5,642326785,A,G,35,67,25,28
chr5,642530589,G,A,14,34,17,41
chr5,642530702,C,G,15,21,13,25
chr5,642530944,C,T,11,18,15,18
chr5,642651409,A,T,62,27,93,31
chr5,642666262,C,G,33,7,52,9
chr5,642686074,C,T,11,11,12,12
chr5,642686157,G,A,16,10,23,16
chr5,642686180,G,A,17,10,21,19
chr5,642686268,A,G,21,20,37,43
chr5,642686272,T,C,21,19,35,43
chr5,642686440,G,A,25,22,51,32
chr5,642686456,T,G,28,22,51,30
chr5,642717146,G,A,12,24,8,24
chr5,642717155,A,G,19,38,13,30
chr5,642717427,G,A,21,38,30,53
chr5,642882445,T,C,17,22,15,15
chr5,642898215,A,G,15,51,22,30
chr5,642899298,A,G,41,85,47,93
chr5,643067058,A,T,39,79,23,83
chr5,643067076,T,C,41,86,31,89
chr5,643067236,G,A,40,82,37,86
chr5,643190825,C,G,44,10,28,13
chr5,643190826,T,C,43,10,28,13
chr5,643190906,A,T,33,27,28,25
chr5,643190992,T,C,18,37,19,32
chr5,643191008,G,A,19,38,24,37
chr5,643193101,C,T,14,22,9,22
chr5,643426036,A,T,15,13,19,20
chr5,643426259,A,G,12,15,9,21
chr5,643765801,T,A,40,43,41,75
chr5,643768704,G,A,36,60,56,58
chr5,644311654,T,C,176,296,155,292
chr5,644311799,G,A,125,393,132,318
chr5,644328480,C,T,10,24,11,26
chr5,644329950,G,T,24,35,29,48
chr5,644330727,G,T,51,46,26,61
chr5,644567287,G,A,87,61,96,61
chr5,644879115,A,G,63,100,79,104
chr5,644879362,A,G,211,231,211,274
chr5,644881904,G,T,102,179,96,149
chr5,644883265,A,G,252,307,210,366
chr5,644883275,G,T,222,314,208,414
chr5,644883442,C,T,154,233,168,267
chr5,644883918,A,C,98,215,94,154
chr5,645108512,T,G,11,28,21,19
chr5,645109269,A,G,22,29,22,19
chr5,645248007,C,G,18,28,20,24
chr5,645248128,G,A,21,23,22,15
chr5,645248480,G,T,47,50,46,56
chr5,645248561,G,C,26,41,29,33
chr5,645248668,C,T,46,46,39,48
chr5,645565520,G,A,23,24,17,30
chr5,645567297,C,T,54,85,36,57
chr5,645635720,T,C,7,15,13,21
chr5,645636264,G,A,32,55,36,44
chr5,645636482,A,G,37,36,20,46
chr5,645636565,C,G,47,69,37,81
chr5,645636629,A,C,34,62,32,67
chr5,647269334,G,A,35,42,48,64
chr5,647299176,G,T,63,59,42,57
chr5,647303738,T,C,25,46,10,25
chr5,647303993,T,C,25,51,15,33
chr5,647304267,C,T,35,44,37,59
chr5,647305421,G,A,32,49,22,25
chr5,647314333,G,A,30,44,26,22
chr5,647930105,C,G,40,84,34,45
chr5,648078317,A,G,56,105,95,66
chr5,648078338,C,A,45,98,87,53
chr5,648140680,A,C,61,58,48,69
chr5,648141092,T,G,17,29,26,40
chr5,648187644,G,A,43,55,47,47
chr5,648188016,T,C,89,102,80,116
chr5,648188296,T,C,150,67,128,49
chr5,648188303,A,G,150,75,132,55
chr5,648188352,A,G,174,98,164,76
chr5,649126561,C,T,21,36,26,35
chr5,649384064,A,C,17,30,22,32
chr5,650724913,T,C,12,20,12,11
chr5,650785236,C,G,22,48,25,39
chr5,650885243,C,T,16,19,20,14
chr5,651735862,G,A,13,11,10,10
chr5,651735961,C,T,27,50,20,29
chr5,651992461,T,C,26,25,22,24
chr5,651994105,A,G,32,51,34,32
chr5,651994181,A,G,44,64,47,45
chr5,651994182,C,T,45,64,46,45
chr5,651994663,C,T,11,14,6,23
chr5,651995020,T,C,20,54,25,39
chr5,652000730,A,G,93,171,102,223
chr5,652000755,A,G,94,166,86,218
chr5,652283645,G,T,85,169,98,163
chr5,652283651,C,T,89,177,104,168
chr5,652283669,T,G,96,201,116,180
chr5,652283713,C,T,107,172,116,137
chr5,652283951,T,C,24,45,36,52
chr5,652285752,C,G,126,253,104,129
chr5,652285904,T,C,85,226,74,113
chr5,652285926,G,C,85,237,71,122
chr5,652285959,G,C,83,212,68,119
chr5,652286277,C,G,35,59,37,46
chr5,652286457,G,C,44,56,40,48
chr5,652286514,C,G,31,43,33,29
chr5,652286523,C,G,29,36,32,26
chr5,652286526,C,G,29,34,31,26
chr5,652286580,C,G,21,35,30,24
chr5,652286599,A,C,14,30,21,22
chr5,652286625,C,T,13,26,18,20
chr5,652287003,C,G,18,36,15,27
chr5,652401421,C,T,11,25,21,19
chr5,652401457,A,G,24,47,30,30
chr5,652401520,A,G,54,98,54,75
chr5,652401602,T,C,46,102,57,80
chr5,652401631,G,A,25,70,35,52
chr5,652875965,C,G,21,29,15,29
chr5,652876505,G,T,24,42,21,45
chr5,653224782,T,C,61,60,29,41
chr5,654525972,T,C,18,19,22,18
chr5,654559701,T,C,30,32,21,26
chr5,654559767,A,T,46,49,39,30
chr5,654559782,C,T,42,56,38,32
chr5,654559840,C,T,33,52,27,19
chr5,654560413,A,G,28,27,20,23
chr5,654690952,C,T,27,37,39,20
chr5,654691078,T,C,65,95,65,90
chr5,654858404,A,T,5,30,11,16
chr5,654858481,C,A,15,33,21,19
chr5,654858535,C,G,18,38,22,21
chr5,656808547,C,T,94,122,64,114
chr5,656808661,C,G,33,56,43,49
chr5,656808696,T,C,50,78,57,63
chr5,657121671,A,T,92,134,123,166
chr5,657124800,C,T,19,44,15,16
chr5,657222687,G,A,34,44,46,66
chr5,657222990,C,A,43,44,40,37
chr5,657223174,C,A,34,41,31,44
chr5,657234843,C,T,76,80,88,79
chr5,657400509,C,A,30,39,36,35
chr5,657400650,C,T,30,22,37,37
chr5,657400936,T,A,18,26,22,21
chr5,658393459,T,C,40,42,45,37
chr5,660722666,T,C,27,43,16,34
chr5,660724964,A,G,26,48,26,38
chr5,661498678,G,C,30,50,32,37
chr5,661569077,C,T,129,237,136,229
chr5,661569083,C,T,129,248,144,236
chr5,661569199,A,G,155,236,161,207
chr5,661569222,A,G,152,229,154,218
chr5,661569325,T,C,129,194,122,169
chr5,661569504,C,T,34,32,42,45
chr5,661669374,C,T,11,20,13,13
chr5,661670505,G,A,13,12,18,10
chr5,661673417,A,C,59,58,46,59
chr5,661673458,T,G,60,51,50,57
chr5,661688246,T,C,21,6,16,6
chr5,661688324,A,G,22,10,15,6
chr5,661688366,A,G,36,31,20,16
chr5,661688387,C,T,39,39,27,23
chr5,661688528,A,T,34,31,27,26
chr5,661689995,G,A,48,51,37,40
chr5,661690013,C,T,48,56,36,46
chr5,661690034,T,A,45,58,34,50
chr5,661690077,A,C,40,49,40,50
chr5,661690190,C,T,64,34,65,30
chr5,661690262,C,A,67,13,65,11
chr5,661690290,C,G,67,21,55,24
chr5,661926875,A,G,50,57,52,54
chr5,662610938,G,C,32,56,37,47
chr5,662611285,T,C,100,126,81,75
chr5,662611377,G,A,55,57,59,63
chr5,662650754,C,A,83,112,58,81
chr5,662650970,G,C,114,139,105,106
chr5,662651012,T,C,116,146,109,111
chr5,662651060,T,C,112,153,116,114
chr5,662754035,T,C,41,44,44,59
chr5,662764357,C,T,40,49,24,19
chr5,663065217,C,T,59,71,69,67
chr5,663627336,A,G,52,72,71,83
chr5,663702680,C,G,232,254,225,194
chr5,664721263,C,T,64,91,65,84
chr5,664721349,C,T,60,92,67,81
chr5,665530087,C,T,163,198,161,216
chr5,665532485,G,A,43,55,41,47
chr5,666728975,C,A,31,46,47,34
chr5,666895566,C,T,19,28,45,35
chr5,667296465,G,C,10,17,13,20
chr5,667303305,C,T,41,50,51,41
chr5,667420165,G,C,43,44,45,54
chr5,667648930,G,T,375,399,310,434
chr5,667650686,T,C,388,402,349,453
chr5,668607131,A,G,46,75,37,67
chr5,668607910,A,G,27,44,14,29
chr5,668712247,A,G,144,158,209,178
chr5,669996750,G,A,22,15,18,9
chr5,669996956,T,C,24,32,25,16
chr5,670011545,G,A,27,24,23,38
chr5,670015919,A,C,66,96,76,83
chr5,670161869,G,A,22,44,19,43
chr5,671416879,G,C,19,28,16,30
chr5,672072962,T,G,48,76,48,68
chr5,672073073,T,C,88,110,99,107
chr5,672073076,G,A,90,108,98,106
chr5,672171095,A,C,15,31,31,25
chr5,672171742,T,A,15,12,21,25
chr5,672173630,C,G,25,12,25,23
chr5,672486160,A,C,26,30,28,28
chr5,672486453,C,A,173,245,183,205
chr5,672646598,C,G,25,35,24,33
chr5,673189572,G,T,135,209,107,124
chr5,673190447,C,G,42,65,31,38
chr5,673190582,C,G,32,35,24,27
chr5,673190716,A,G,48,64,35,53
chr5,673191421,G,T,29,52,17,25
chr5,673407289,G,A,20,30,25,24
chr5,673618231,C,G,20,23,22,31
chr5,673618333,T,C,19,36,26,23
chr5,673618352,G,A,20,37,23,25
chr5,673618701,T,C,18,18,18,13
chr5,673878563,G,A,24,48,25,31
chr5,673879733,G,A,34,47,36,41
chr5,673879951,T,C,26,34,23,28
chr5,675402151,T,C,34,25,36,35
chr5,675752704,A,G,11,15,24,27
chr5,676485205,A,G,16,23,31,23
chr5,676492961,G,A,19,41,24,30
chr5,676838192,A,G,15,41,16,27
chr5,677096251,C,T,37,29,39,18
chr5,677096473,C,G,79,94,49,69
chr5,678665174,C,T,36,52,37,34
chr5,678806071,C,T,10,31,6,22
chr5,678806077,C,T,8,28,6,21
chr5,679453773,G,A,78,113,41,61
chr5,679453921,G,C,21,43,20,22
chr5,679568559,C,A,22,56,30,32
chr5,679568733,G,A,26,39,29,25
chr5,679615918,C,T,33,50,36,47
chr5,679996524,T,C,38,33,45,42
chr5,680282686,A,C,25,33,22,41
chr5,681490477,G,C,22,30,33,32
chr5,681490512,A,C,25,29,32,43
chr5,682759097,C,T,130,136,152,165
chr5,682759128,T,C,64,92,95,111
chr5,682878501,C,T,27,40,30,27
chr5,682952043,C,T,324,324,314,334
chr5,682953041,G,C,339,463,365,408
chr5,683350030,C,G,23,14,18,13
chr5,683505694,G,T,11,13,12,8
chr5,683507746,A,G,57,65,59,56
chr5,683509199,A,G,170,236,162,208
chr5,683509450,C,A,157,174,143,158
chr5,683942982,T,G,235,397,312,391
chr5,684008166,A,T,25,153,33,177
chr5,684008168,A,C,25,151,31,177
chr5,684008171,T,C,33,147,46,175
chr5,684008186,C,G,91,196,82,253
chr5,684008190,G,A,86,206,81,271
chr5,684008223,C,G,164,251,163,309
chr5,684008550,G,A,255,280,257,291
chr5,684008553,C,A,238,281,244,291
chr5,684010660,G,A,66,122,74,77
chr5,684122220,G,C,29,33,31,27
chr5,684194178,A,G,16,49,23,83
chr5,684194209,C,T,30,63,32,90
chr5,684194248,C,T,48,72,55,109
chr5,684260252,A,G,12,14,17,10
chr5,684386238,A,C,19,31,30,34
chr5,684391694,T,A,14,28,26,15
chr5,684417928,C,T,28,39,36,45
chr5,684418540,C,G,23,16,14,15
chr5,684420677,T,C,193,164,195,128
chr5,684420751,G,C,231,63,274,46
chr5,684420768,A,G,233,51,270,30
chr5,684420780,C,T,214,71,263,47
chr5,684420794,G,A,211,70,264,51
chr5,684420797,A,G,207,73,253,48
chr5,684420799,T,C,208,75,253,52
chr5,684421262,C,T,68,89,100,105
chr5,684421645,T,G,38,91,61,96
chr5,684421954,A,G,28,58,32,38
chr5,684590293,G,A,36,47,34,49
chr5,684590302,T,G,36,47,33,47
chr5,685849650,T,C,6,17,11,9
chr5,685852585,T,C,17,21,28,19
chr5,685852588,A,G,18,21,28,19
chr5,685852666,T,C,61,7,55,4
chr5,685852672,A,G,63,6,57,4
chr5,685852678,G,A,66,6,57,4
chr5,685852819,C,T,71,12,70,4
chr5,685852843,T,C,72,17,69,11
chr5,685853036,T,C,16,6,11,18
chr5,685853037,T,C,16,6,11,19
chr5,686349995,T,C,9,12,9,17
chr5,686350712,C,G,12,18,16,17
chr5,686364484,T,G,94,199,127,143
chr5,687291692,A,T,179,165,223,253
chr5,687291889,G,A,313,519,343,511
chr5,687292006,G,A,161,613,152,577
chr5,687292114,G,A,53,113,58,98
chr5,687292192,A,G,55,91,54,82
chr5,687684992,T,G,54,39,76,41
chr5,688106866,G,C,11,17,28,18
chr5,688108216,C,T,56,11,28,5
chr5,688110256,C,T,101,140,94,110
chr5,688185029,G,C,16,25,11,13
chr5,688185406,C,T,11,16,13,15
chr5,688185415,T,C,11,18,15,17
chr5,688185514,G,T,21,19,18,16
chr5,688185526,T,C,22,19,21,16
chr5,688185571,T,C,26,18,25,17
chr5,688186585,A,G,27,17,33,19
chr5,688186603,C,T,32,19,36,26
chr5,688186672,G,C,38,34,36,37
chr5,688187184,C,A,31,29,35,41
chr5,688187286,T,C,39,45,38,66
chr5,688189488,T,C,54,67,54,48
chr5,688189491,G,A,54,65,55,47
chr5,688191016,C,A,15,30,20,13
chr5,688193350,T,C,93,138,115,115
chr5,688193492,T,C,214,289,213,200
chr5,688301382,C,G,24,32,25,36
chr5,689238730,A,G,220,308,230,275
chr5,689252137,T,A,265,350,250,352
chr5,689252324,A,C,308,545,312,512
chr5,689252336,C,T,318,418,316,465
chr5,689252378,T,A,284,417,304,465
chr5,689253308,C,T,66,147,62,188
chr5,689261762,T,C,136,76,163,107
chr5,689261888,G,A,329,291,380,364
chr5,689265890,G,T,54,9,88,20
chr5,689265897,G,C,84,11,117,23
chr5,689265907,T,C,96,33,133,43
chr5,689265986,C,T,350,251,374,234
chr5,689266430,C,T,301,276,374,245
chr5,689395958,A,G,40,27,56,52
chr5,689395959,T,A,39,28,56,52
chr5,689395965,A,T,40,28,57,53
chr5,689396016,C,G,49,67,72,107
chr5,689396279,A,G,61,89,70,97
chr5,689396291,A,C,57,90,70,95
chr5,689398752,T,C,13,23,20,22
chr5,690574877,C,A,10,14,6,15
chr5,690807607,T,C,20,35,21,29
chr5,691841726,C,T,133,32,154,18
chr5,691899727,G,A,43,171,43,174
chr5,692059832,G,A,12,9,23,12
chr5,692060052,G,A,18,17,23,15
chr5,692060416,T,C,36,14,42,23
chr5,692060524,T,G,37,22,68,40
chr5,692060616,A,G,18,11,42,23
chr5,692428068,C,G,18,44,27,45
chr5,694223318,C,G,6,27,19,33
chr5,694529612,G,A,120,141,127,166
chr5,694530440,G,A,45,34,34,33
chr5,695566533,C,T,47,53,75,88
chr5,696020414,C,T,40,52,29,75
chr5,696250730,G,T,284,399,307,385
chr5,696251936,G,A,338,499,344,469
chr5,696252545,G,T,390,391,393,402
chr5,696252850,A,G,212,514,223,534
chr5,696252853,C,T,210,508,222,535
chr5,696253765,T,C,27,42,33,41
chr5,696262332,G,T,23,27,24,23
chr5,696391386,A,C,34,44,45,62
chr5,696400222,A,G,15,16,11,26
chr5,696723282,C,T,7,26,7,14
chr5,696723783,A,G,36,64,26,66
chr5,696985211,A,G,14,17,16,24
chr5,696985762,A,G,39,56,30,43
chr5,696985922,C,G,23,28,19,29
chr5,696985925,C,G,24,27,16,29
chr5,697337934,C,T,38,70,36,64
chr5,697338010,A,G,25,32,25,34
chr5,697338033,C,T,21,32,25,40
chr5,697338036,C,T,20,33,25,37
chr5,698081501,C,G,23,17,15,18
chr5,698083538,G,A,20,17,34,32
chr5,698083750,C,T,39,93,36,81
chr5,698083850,G,A,57,96,85,103
chr5,698083890,A,G,63,82,87,90
chr5,698083913,C,T,57,72,86,77
chr5,698296877,C,A,27,41,38,31
chr5,698296890,G,A,32,56,40,35
chr5,698298199,G,T,52,73,48,36
chr5,698299317,T,A,115,186,136,121
chr5,698442235,T,C,26,46,52,41
chr5,698442418,T,C,20,55,55,44
chr5,698444060,G,A,22,12,9,12
chr5,698453444,G,A,16,39,37,43
chr5,698454168,G,T,48,43,39,54
chr5,698977511,A,G,21,23,18,30
chr5,700406907,T,G,50,41,51,58
chr5,700407099,A,G,41,44,36,45
chr5,700408589,G,A,12,19,16,21
chr5,700461084,T,C,38,48,29,25
chr5,700461086,A,G,38,48,29,25
chr5,700461167,A,G,82,70,45,39
chr5,700461173,G,A,82,72,50,42
chr5,700461176,A,C,82,72,49,44
chr5,700461227,A,G,93,83,52,51
chr5,700461230,G,A,93,85,55,51
chr5,700461341,G,A,56,68,58,54
chr5,700461375,A,C,50,60,50,45
chr5,700461728,C,A,69,80,102,126
chr5,700461781,G,C,110,160,140,190
chr5,700461899,G,T,286,407,303,380
chr5,700465361,C,T,154,195,146,148
chr5,700573095,A,C,7,31,11,11
chr5,700574559,G,A,25,39,29,38
chr5,700575793,C,A,114,128,81,105
chr5,701834661,G,C,13,7,7,13
chr5,702561771,C,T,87,143,90,147
chr5,702572093,G,C,18,26,14,22
chr5,702731601,T,C,13,30,18,31
chr5,704985764,C,G,14,25,20,14
chr5,706003503,G,C,11,18,17,34
chr5,706003908,C,T,15,25,22,31
chr5,706003935,C,T,16,24,29,25
chr5,707047541,A,G,278,378,265,404
chr5,707278758,C,T,47,53,54,56
chr5,707280580,G,A,67,124,69,67
chr5,707280588,C,T,63,140,64,72
chr5,707280621,A,C,69,181,58,91
chr5,707913593,C,T,14,20,11,12
chr5,707913631,G,A,18,12,14,12
chr5,707914112,C,G,17,17,16,11
chr5,707914355,G,A,17,20,27,17
chr5,707914364,C,T,20,22,26,17
chr5,707914376,T,C,22,26,32,20
chr5,708800504,G,A,29,51,53,55
chr5,708808047,G,T,13,13,20,12
chr5,708808062,C,T,13,13,22,12
chr5,708809449,A,G,15,15,24,17
chr5,708809699,C,A,30,63,36,29
chr5,709403886,T,C,22,44,23,35
chr5,709594142,A,G,26,49,10,32
chr5,709597015,G,A,24,56,41,54
chr5,709598631,A,G,141,241,168,238
chr5,709864308,C,A,39,51,60,59
chr5,709864341,A,G,35,55,56,49
chr5,709868164,A,G,15,26,13,13
chr5,709910769,G,A,14,30,11,18
chr5,709910934,A,C,6,39,11,10
chr5,711117310,T,C,11,23,18,31
chr5,711117326,T,C,11,25,22,31
chr5,711118776,C,T,34,29,32,37
chr5,711118785,G,A,35,27,30,33
chr5,711119017,C,G,19,28,34,27
chr5,711671196,A,C,16,22,14,25
chr5,711671197,C,T,18,27,14,35
chr5,711671383,T,A,17,48,15,50
chr5,711673080,C,G,19,45,16,18
chr5,711673139,T,C,18,58,19,28
chr5,712516800,G,A,38,21,44,15
chr5,712534277,C,T,19,11,33,14
chr5,712534279,G,C,18,11,34,13
chr5,712534332,A,C,25,15,43,25
chr5,712534393,A,G,46,44,70,54
chr5,712535354,T,C,11,13,17,17
chr5,712648050,C,T,35,44,23,24
chr5,712994968,C,G,270,366,312,336
chr5,713070021,G,A,379,488,428,395
chr5,713510230,G,A,365,479,454,393
chr5,714122065,A,G,137,222,161,247
chr5,714424956,A,G,290,377,311,329
chr5,714425110,G,A,383,410,436,356
chr5,714425122,T,A,376,394,436,351
chr5,714425361,G,A,196,642,236,570
chr5,714425388,G,A,191,639,182,572
chr5,715654924,C,T,30,58,20,37
chr5,715659991,G,A,59,82,71,61
chr5,715662223,C,T,233,293,281,292
chr5,715662370,C,G,224,345,256,361
chr5,716483603,T,G,29,30,31,24
chr5,716485159,A,G,36,43,30,20
chr5,717270631,T,C,72,81,70,82
chr5,717418154,G,A,13,12,15,12
chr5,717945343,A,G,61,180,80,108
chr5,721428975,C,T,15,83,11,24
chr5,721936293,C,T,27,40,37,38
chr5,721936718,T,C,11,23,25,30
chr5,722020460,G,A,110,159,84,81
chr5,724308225,G,T,18,74,13,85
chr5,724308256,T,C,35,88,27,110
chr5,724308506,G,A,4,82,8,66
chr5,724308510,C,T,4,82,8,65
chr5,724308679,C,A,32,86,39,74
chr5,724308789,T,C,38,102,50,79
chr5,724308828,T,G,41,103,54,80
chr5,724308934,T,C,39,85,50,62
chr5,724309049,T,C,22,40,41,57
chr5,724309754,A,G,13,24,20,19
chr5,727176658,G,C,285,351,330,338
chr5,727177141,G,C,228,459,295,404
chr5,727178662,C,T,268,453,315,393
chr5,727180008,T,C,6,21,15,16
chr5,728144216,T,C,17,27,18,15
chr5,728144222,T,C,17,26,18,14
chr5,728374363,G,A,22,115,39,119
chr5,728374365,C,T,22,113,38,117
chr5,728374372,C,A,24,115,38,114
chr5,728374384,C,T,31,117,46,113
chr5,728374553,A,T,28,84,32,49
chr5,728374591,G,C,12,76,20,44
chr5,728374594,A,G,11,69,20,42
chr5,728374597,G,A,12,66,19,37
chr5,728377444,T,C,46,64,70,60
chr5,728377955,A,G,12,27,33,17
chr5,728529789,G,C,16,38,11,19
chr5,728529834,A,C,12,22,12,17
chr5,728532420,T,C,39,58,36,47
chr5,728589624,T,C,27,63,61,82
chr5,728591894,C,T,29,70,34,33
chr5,728591961,C,A,24,66,26,30
chr5,728925326,A,G,28,104,27,91
chr5,728925335,T,C,25,98,27,89
chr5,728925622,C,T,69,76,89,98
chr5,728925683,T,C,53,71,72,86
chr5,728925780,C,G,31,58,45,84
chr5,729091353,G,A,22,20,27,16
chr5,729181904,G,C,34,60,44,57
chr5,729282489,C,A,16,19,16,23
chr5,729413354,T,G,13,33,21,13
chr5,730262048,T,G,26,41,27,24
chr5,730301337,A,G,24,83,35,51
chr5,730303735,G,A,52,96,55,62
chr5,730303960,C,T,133,212,189,175
chr5,730449111,G,A,9,24,14,24
chr5,730449230,G,C,8,19,21,17
chr5,730471677,G,C,132,188,148,124
chr5,730760258,C,T,9,17,16,11
chr5,731191719,C,T,81,385,118,228
chr5,731191791,T,C,119,303,150,191
chr5,731192758,T,G,270,516,301,339
chr5,731193131,C,G,200,590,293,436
chr5,731193132,A,T,192,594,283,435
chr5,731193133,G,C,197,597,289,439
chr5,731193134,C,G,198,593,293,433
chr5,731193152,G,C,212,587,348,421
chr5,731193398,C,T,319,523,382,433
chr5,733154325,C,T,47,70,53,85
chr5,733191348,A,G,76,86,76,65
chr5,733194784,A,G,24,34,23,19
chr5,733195002,C,G,29,39,25,19
chr5,733197341,C,T,6,19,16,14
chr5,733841882,A,T,9,57,25,32
chr5,733845496,A,C,10,38,15,15
chr5,733845546,G,T,11,24,13,8
chr5,733848463,T,C,18,27,16,28
chr5,734170988,A,T,220,424,289,319
chr5,734171236,G,A,182,183,159,139
chr5,738330225,T,C,27,108,25,61
chr5,738330524,T,G,20,96,20,58
chr5,738330646,A,G,16,86,16,39
chr5,739096180,C,T,221,515,275,396
chr5,740855221,C,T,22,43,32,35
chr5,741826603,A,G,34,66,41,64
chr5,741829862,G,C,7,27,17,12
chr5,741846223,T,C,7,30,10,16
chr5,742636450,T,C,17,43,21,19
chr5,742757809,C,T,10,15,12,9
chr5,744862638,C,T,33,45,50,50
chr5,745488216,G,T,26,7,23,20
chr5,745488217,C,T,27,6,23,19
chr5,745488220,A,T,25,7,24,19
chr5,745594123,A,G,11,31,14,17
chr5,745594144,G,A,12,27,15,15
chr5,745755956,T,C,26,38,23,29
chr5,745756087,G,T,22,36,18,26
chr5,745770419,C,G,38,62,51,55
chr5,745789279,A,G,35,60,41,38
chr5,745789433,G,A,55,103,54,60
chr5,746156399,G,A,87,148,95,112
chr5,746166392,G,C,11,26,15,23
chr5,746312845,T,G,115,97,173,118
chr5,746312854,G,A,119,94,178,112
chr5,746312942,T,C,10,18,14,16
chr5,746860436,G,A,25,27,19,30
chr5,746862565,C,T,8,13,18,14
chr5,746950427,C,T,27,38,32,29
chr5,746950558,T,C,22,20,19,21
chr5,747813237,C,A,15,18,29,30
chr5,747813239,A,G,14,18,27,30
chr5,749491415,G,A,46,54,63,65
chr5,749491470,C,T,43,55,61,66
chr5,749508742,C,T,13,25,20,17
chr5,749683559,T,C,13,19,12,16
chr5,749913948,G,C,53,107,59,84
chr5,749914008,C,T,57,100,79,80
chr5,749993621,G,A,49,73,44,50
chr5,750002443,A,G,16,23,15,29
chr5,750428404,G,A,86,97,100,69
chr5,750514629,T,C,20,28,11,13
chr5,750514788,T,C,27,69,36,45
chr5,750515088,A,G,27,47,41,43
chr5,750515125,C,T,26,58,48,46
chr5,751022539,C,G,79,148,93,66
chr5,751022548,C,G,76,153,89,68
chr5,751023497,C,G,33,62,36,20
chr5,751023535,T,G,36,65,45,22
chr5,751023537,A,C,36,63,45,22
chr5,751023872,G,C,9,21,22,28
chr5,752947160,C,A,19,2,12,10
chr5,752947300,T,A,19,7,16,8
chr5,752947343,A,G,19,15,20,9
chr5,752965622,T,C,16,57,33,53
chr5,754452458,G,C,118,173,151,166
chr5,754453602,T,G,46,52,31,50
chr5,754705102,C,T,321,535,358,510
chr5,754705425,T,C,237,320,315,313
chr5,755972023,C,T,29,41,34,35
chr5,755972024,A,T,29,41,35,35
chr5,756123672,G,A,30,44,37,39
chr5,756123776,G,A,30,36,32,34
chr5,756229403,T,C,28,63,32,46
chr5,756428923,A,C,27,25,15,12
chr5,756545777,T,C,41,73,50,50
chr5,756545976,G,A,66,65,69,47
chr5,756546006,A,G,62,60,49,42
chr5,756546018,A,G,46,54,47,36
chr5,756547579,C,T,22,23,24,15
chr5,756841913,T,C,81,122,92,100
chr5,756841949,G,A,83,118,96,87
chr5,756842198,G,T,52,95,67,63
chr5,756845865,C,G,9,19,19,20
chr5,756850035,C,T,58,77,89,72
chr5,756850039,A,G,58,78,94,71
chr5,756850111,G,A,61,81,95,63
chr5,756897271,C,T,15,31,37,34
chr5,756927426,C,T,119,177,135,100
chr5,756952173,C,T,12,26,17,15
chr5,756952782,A,G,7,19,25,25
chr5,757136632,G,A,36,37,47,38
chr5,757136927,G,C,36,68,38,48
chr5,758071375,G,A,13,7,14,7
chr5,758071401,T,G,16,9,17,8
chr5,758071455,A,G,19,10,27,8
chr5,758071472,A,G,17,10,32,7
chr5,758071478,T,C,17,10,28,7
chr5,758071487,T,C,18,8,30,8
chr5,758071514,A,T,19,11,28,5
chr5,758071530,T,C,18,8,29,4
chr5,758071540,A,G,16,8,29,4
chr5,758071834,G,A,7,17,25,13
chr5,758071841,A,G,6,18,24,13
chr5,758395235,A,C,19,5,21,4
chr5,758396930,G,A,35,57,52,65
chr5,758626356,A,C,17,15,13,9
chr5,758875402,A,G,14,17,19,18
chr5,758876051,T,C,23,21,20,12
chr5,759120113,G,A,31,41,38,57
chr5,759245116,G,C,10,10,13,14
chr5,759245217,T,C,10,16,10,17
chr5,759245218,C,A,10,16,9,17
chr5,759987306,T,C,18,18,26,20
chr5,760399926,G,A,20,22,24,21
chr5,760400088,T,C,32,28,26,36
chr5,760400124,C,G,32,23,25,31
chr5,760400331,A,T,19,4,24,4
chr5,760400335,C,T,21,4,27,4
chr5,761163061,T,G,60,31,41,16
chr5,761163082,C,T,58,32,41,16
chr5,761163193,C,G,69,54,57,47
chr5,761663099,A,G,24,11,15,16
chr5,761663191,T,C,23,10,27,14
chr5,761663199,A,G,28,10,28,13
chr5,761663287,A,G,42,18,37,19
chr5,761663805,C,A,18,28,11,34
chr5,761664003,C,T,19,26,22,19
chr5,761664008,C,T,19,28,21,20
chr5,761664027,A,G,19,28,19,23
chr5,761839223,C,G,11,29,6,16
chr5,761839310,T,C,13,30,8,17
chr5,761839889,A,G,13,33,20,28
chr5,761841944,C,G,31,53,40,57
chr5,761841946,A,T,29,51,40,55
chr5,762010639,C,G,11,13,14,9
chr5,762060784,G,A,21,20,20,12
chr5,762060883,G,A,63,108,53,76
chr5,762060886,G,T,62,108,55,73
chr5,762060891,A,G,59,108,52,79
chr5,762060900,G,C,62,107,57,78
chr5,762061689,G,A,44,43,56,61
chr5,762062787,C,T,89,99,109,115
chr5,762062898,T,C,90,111,105,152
chr5,762063057,C,T,18,7,18,19
chr5,762556154,T,C,13,29,17,37
chr5,762556205,A,G,43,21,58,24
chr5,762558924,G,A,8,13,7,14
chr5,763034878,T,A,10,17,16,13
chr5,765494813,A,T,19,30,19,27
chr5,767109132,A,G,69,103,74,119
chr5,767110712,C,T,20,30,40,43
chr5,768199163,A,C,169,296,146,218
chr5,768502998,T,C,184,348,222,376
chr5,768503015,A,G,196,294,226,328
chr5,768536873,C,T,69,119,64,120
chr5,768537715,T,C,240,407,223,461
chr5,768673317,C,A,197,272,196,271
chr5,768689440,A,G,12,13,7,14
chr5,770455840,G,T,66,44,68,48
chr5,770455864,G,A,58,44,62,39
chr5,770455877,C,A,52,42,55,41
chr5,770624219,A,G,9,28,14,38
chr5,770624314,A,G,11,62,11,56
chr5,770624322,C,T,10,63,9,61
chr5,770624331,A,C,8,66,7,61
chr5,770624652,G,C,8,37,9,22
chr5,770818523,C,A,14,20,17,17
chr5,770819702,A,G,28,58,37,77
chr5,773390335,A,C,11,12,10,16
chr5,773390414,C,T,25,26,24,25
chr5,773587978,C,T,16,28,20,37
chr5,773589651,C,T,31,52,34,59
chr5,773589693,C,T,25,53,30,56
chr5,773589702,T,C,24,50,31,52
chr5,773590650,G,A,16,62,15,52
chr5,773662597,T,C,8,15,16,12
chr5,773662612,G,A,8,14,16,14
chr5,773662758,C,T,12,11,23,15
chr5,773662947,G,A,20,12,30,11
chr5,773663084,C,T,22,14,20,8
chr5,773664328,T,C,45,32,27,22
chr5,773664369,A,C,53,27,33,16
chr5,773664505,A,T,27,8,26,6
chr5,774333210,A,G,65,156,84,128
chr5,774333927,A,G,33,78,22,56
chr5,774556086,C,T,11,15,6,15
chr5,775879380,G,A,45,42,37,41
chr5,775879579,C,T,70,120,46,104
chr5,775879672,A,T,35,27,31,26
chr5,775879917,C,A,40,22,32,21
chr5,775879919,A,C,40,22,32,20
chr5,775879976,C,T,34,23,39,32
chr5,775880316,C,G,26,29,38,32
chr5,775880401,T,A,27,22,27,22
chr5,775880420,C,T,28,20,32,23
chr5,775880423,C,T,30,20,31,25
chr5,775880609,G,A,19,30,20,33
chr5,775928848,A,C,14,66,12,54
chr5,775928917,T,C,13,38,12,38
chr5,775928949,A,T,10,27,12,24
chr5,775928950,G,T,10,27,12,24
chr5,776395111,G,C,20,40,20,18
chr5,776408045,T,C,9,24,10,14
chr5,776767870,T,C,16,40,22,18
chr5,776768402,G,A,26,45,23,30
chr5,776769042,T,C,23,54,30,56
chr5,776769752,G,C,221,213,134,184
chr5,776770125,C,T,147,226,173,263
chr5,776770293,C,G,99,97,93,131
chr5,776770309,C,G,67,77,71,110
chr5,778137442,G,C,29,26,25,20
chr5,778137447,G,C,28,25,26,20
chr5,778137449,C,T,29,24,26,20
chr5,782877897,T,C,22,24,14,33
chr5,782879360,T,C,12,16,7,46
chr5,782882284,A,G,63,80,66,83
chr5,782882338,G,T,55,57,56,53
chr5,782929777,G,A,9,22,8,21
chr5,782929840,C,A,14,30,8,23
chr5,782932979,G,C,24,27,11,22
chr5,783028783,T,C,18,21,12,16
chr5,783028786,A,G,17,23,12,19
chr5,783240560,A,G,8,12,6,15
chr5,783876201,G,A,48,63,35,67
chr5,783876305,C,T,65,23,47,12
chr5,784078058,C,T,20,36,18,34
chr5,785046500,A,G,9,52,12,18
chr5,785046527,C,G,18,50,20,19
chr5,785046791,G,A,19,38,20,36
chr5,785047267,A,T,57,96,41,121
chr5,785324360,G,A,201,311,194,452
chr5,787023226,G,C,36,61,34,65
chr5,787023237,C,T,34,55,36,62
chr5,787023385,G,C,25,71,19,59
chr5,787023526,C,G,56,60,32,48
chr5,787023571,G,T,35,32,26,24
chr5,787023607,G,C,35,9,26,6
chr5,787353593,G,C,40,77,39,102
chr5,787354671,T,G,43,62,48,84
chr5,787354675,C,G,96,63,77,87
chr5,787355106,T,A,181,265,110,298
chr5,787355127,C,G,183,275,112,290
chr5,787355128,A,G,181,273,110,289
chr5,787357812,C,T,26,53,19,71
chr5,787358410,C,T,17,48,14,57
chr5,787359292,G,C,15,53,19,44
chr5,787359358,C,T,13,59,20,46
chr5,787632837,G,A,17,38,9,42
chr5,787654265,C,T,54,66,59,84
chr5,787654434,T,C,83,94,94,108
chr5,787654822,A,C,90,128,50,77
chr5,790884524,C,T,40,67,29,69
chr5,790884647,A,C,16,33,10,27
chr5,791594914,T,C,27,62,39,43
chr5,792475665,A,G,13,23,13,18
chr5,792476934,T,C,38,99,61,85
chr5,792481194,C,G,15,16,17,10
chr5,792481257,A,C,13,11,15,7
chr5,792481297,C,T,11,9,15,5
chr5,792591807,A,G,13,33,20,33
chr5,792696001,T,C,10,27,14,31
chr5,792762952,C,T,40,41,51,46
chr5,792762969,A,G,35,33,44,38
chr5,792762985,T,G,32,30,39,33
chr5,792763003,G,C,34,25,40,24
chr5,792764014,A,T,10,30,18,41
chr5,793675303,C,T,17,13,10,17
chr5,793675342,G,A,13,20,9,22
chr5,793675721,C,G,14,28,21,30
chr5,793675730,C,T,14,26,22,30
chr5,793675772,C,T,19,39,23,30
chr5,793676040,C,G,21,32,27,28
chr5,793676193,G,C,27,12,27,12
chr5,793676212,C,T,30,11,28,9
chr5,793685394,A,G,17,24,15,28
chr5,793685420,A,G,15,20,21,19
chr5,793685426,G,A,14,19,21,19
chr5,793685429,C,G,15,20,20,17
chr5,793685567,T,G,20,15,22,12
chr5,793685588,T,C,16,14,22,19
chr5,793685642,G,T,22,30,26,34
chr5,793685690,T,C,24,27,32,29
chr5,793685708,C,T,24,25,34,27
chr5,793685906,C,T,22,26,27,16
chr5,793758592,C,G,13,27,22,24
chr5,793758593,T,A,12,26,23,24
chr5,793758676,C,A,6,16,18,18
chr5,793759122,C,G,22,34,22,27
chr5,793759150,T,C,16,29,24,23
chr5,793759182,A,G,19,24,23,21
chr5,793759252,C,T,37,22,39,20
chr5,793759276,G,A,38,17,41,22
chr5,793759279,G,A,38,16,40,21
chr5,793759405,C,T,33,33,41,27
chr5,793759674,T,A,26,59,29,46
chr5,793833621,C,G,9,40,16,20
chr5,796048267,G,A,63,99,61,106
chr5,796048314,T,C,56,118,46,123
chr5,796051754,G,C,16,30,15,41
chr5,796058890,G,C,27,92,24,33
chr5,796058901,T,C,33,91,22,28
chr5,796059919,C,A,34,87,26,49
chr5,796180828,G,C,60,118,40,70
chr5,796906374,A,G,52,39,68,31
chr5,796906579,T,C,70,68,77,40
chr5,796906596,C,A,59,46,71,32
chr5,796906599,A,G,59,49,72,31
chr5,796906626,A,G,51,48,59,29
chr5,796906650,T,C,45,42,53,33
chr5,796906719,G,C,55,40,39,45
chr5,796906812,C,T,42,43,32,38
chr5,796918058,T,C,11,27,17,15
chr5,796918216,T,C,14,45,21,24
chr5,796970594,C,A,24,36,32,50
chr5,796971002,A,G,64,140,61,135
chr5,797272114,C,G,34,45,16,22
chr5,797279645,T,C,5,18,5,16
chr5,797787254,G,T,17,40,18,26
chr5,797787646,C,T,50,86,29,82
chr5,797787757,G,C,49,62,41,80
chr5,797796505,T,G,15,63,14,40
chr5,797799297,G,A,26,12,10,20
chr5,797799342,C,G,27,18,16,32
chr5,797800682,G,A,37,34,36,37
chr5,797800703,C,T,38,38,37,39
chr5,797801737,G,C,33,37,17,17
chr5,797824964,G,A,17,24,12,31
chr5,797825009,C,T,24,33,13,36
chr5,797825021,A,G,22,33,14,40
chr5,797825209,G,A,21,15,19,40
chr5,797825239,G,A,24,19,20,43
chr5,798395463,G,A,26,20,16,17
chr5,798396848,C,G,107,58,72,53
chr5,798412186,C,T,28,4,17,15
chr5,798412187,G,T,28,4,17,15
chr5,798412215,G,C,27,4,18,20
chr5,798412641,A,G,77,50,74,61
chr5,798844808,C,A,49,65,41,77
chr5,798844881,C,T,65,84,63,110
chr5,799137039,A,G,23,8,16,10
chr5,799145616,A,G,78,116,60,113
chr5,799151811,G,T,22,16,11,10
chr5,799219731,T,C,62,24,39,36
chr5,799219758,T,C,58,16,43,22
chr5,799219919,G,T,67,62,42,57
chr5,799285091,C,G,160,183,93,244
chr5,799285100,A,G,153,182,90,239
chr5,799285669,G,A,51,48,28,55
chr5,799287649,G,T,79,56,37,52
chr5,800156578,T,C,24,31,15,16
chr5,800235823,C,A,45,32,18,26
chr5,800235853,G,T,48,38,24,33
chr5,800236248,C,A,70,60,33,43
chr5,800683993,C,T,17,9,5,21
chr5,800807461,C,G,36,59,19,36
chr5,800807487,A,G,31,57,13,37
chr5,800807641,A,G,16,19,8,16
chr5,800865956,T,C,47,74,31,66
chr5,800866106,G,A,60,60,29,65
chr5,800866483,C,T,37,39,15,44
chr5,800874835,A,G,42,30,23,34
chr5,800874918,T,C,39,41,21,43
chr5,801693915,G,A,22,28,12,46
chr5,801738071,A,T,29,15,13,11
chr5,801738073,T,C,31,15,13,12
chr5,801738080,T,A,31,14,13,11
chr5,801950864,A,G,322,280,189,344
chr5,801951396,G,A,107,104,60,123
chr5,801951402,G,C,110,105,60,124
chr5,801951549,A,G,72,79,48,84
chr5,801952907,T,A,24,3,20,10
chr5,801952910,C,T,25,3,20,12
chr5,801952912,T,G,25,3,18,12
chr5,801952916,T,C,24,2,17,12
chr5,802043763,A,G,28,32,29,25
chr5,802316587,A,G,35,13,16,18
chr5,802316614,A,G,37,23,23,23
chr5,802316704,C,T,44,32,32,36
chr5,802317460,C,G,14,8,10,13
chr5,802320793,C,T,17,21,13,33
chr5,802505877,C,T,14,21,9,31
chr5,802505887,C,T,18,20,11,31
chr5,804214815,A,C,31,45,30,17
chr5,804214833,G,A,34,42,31,17
chr5,804224243,T,A,24,11,36,5
chr5,804224816,A,T,27,12,34,9
chr5,804224824,T,C,26,11,35,10
chr5,804224827,G,T,26,12,35,9
chr5,805488468,A,G,6,23,9,15
chr5,805491676,T,C,11,25,24,26
chr5,806441619,A,C,189,173,77,106
chr5,806441655,G,C,141,96,48,71
chr5,806441688,G,C,114,58,38,50
chr5,806442280,G,T,23,17,10,19
chr5,806482464,C,T,17,14,22,16
chr5,806482534,G,T,40,13,31,13
chr5,806482541,C,T,37,16,29,17
chr5,806482546,G,A,40,13,31,16
chr5,806482547,T,C,41,15,31,16
chr5,806482654,G,A,48,38,26,38
chr5,806482705,A,G,42,21,24,20
chr5,806483876,T,C,32,10,21,9
chr5,806483879,G,A,33,9,18,8
chr5,806483912,G,C,27,16,18,15
chr5,806483945,G,A,26,12,13,12
chr5,806483954,C,T,22,13,11,12
chr5,806497169,A,T,102,111,63,151
chr5,807523131,C,A,17,35,13,26
chr5,807524892,A,G,67,64,43,91
chr5,808388431,G,A,26,13,17,17
chr5,809752352,T,C,23,44,15,66
chr5,809752676,G,A,38,97,39,171
chr5,809756264,C,G,24,20,20,23
chr5,809756335,G,T,14,10,11,13
chr5,809756336,C,G,14,10,10,13
chr5,809756337,T,C,14,10,10,14
chr5,809772441,G,C,64,21,38,35
chr5,809772463,T,A,59,28,33,44
chr5,809772474,T,C,61,31,30,46
chr5,809772505,T,C,56,33,24,44
chr5,809772915,A,G,22,29,18,45
chr5,809773737,A,G,17,17,12,25
chr5,809942690,G,A,70,136,49,238
chr5,809942701,T,C,78,147,51,254
chr5,809942768,G,A,101,334,70,517
chr5,809942923,T,C,39,399,20,551
chr5,809942947,A,G,55,382,35,531
chr5,809944055,C,G,94,160,73,241
chr5,809944670,G,T,76,95,72,87
chr5,811387635,C,G,34,13,18,19
chr5,811387662,C,G,35,12,17,19
chr5,811387719,G,C,32,18,18,17
chr5,811492264,C,T,16,30,12,13
chr5,811506528,C,G,17,13,14,10
chr5,811506546,G,A,19,16,13,13
chr5,811506637,C,T,26,49,16,36
chr5,811506681,G,C,37,55,20,49
chr5,811506745,T,G,37,53,21,38
chr5,811506774,T,C,38,50,23,36
chr5,811506834,T,A,24,19,12,26
chr5,811506837,T,C,24,17,13,26
chr5,811506847,A,G,24,16,14,27
chr5,811553950,T,C,67,95,49,119
chr5,811555248,G,A,44,62,36,65
chr5,812594870,A,G,64,68,33,111
chr5,812681646,A,G,20,13,12,19
chr5,812681778,A,G,35,21,28,31
chr5,812681963,A,G,31,26,26,36
chr5,812682133,C,T,73,71,49,96
chr5,812682927,T,C,59,33,48,52
chr5,812682951,C,T,51,25,45,43
chr5,812682952,C,A,50,28,43,44
chr5,812683458,A,G,41,24,26,25
chr5,812683460,G,A,41,25,26,25
chr5,812683539,C,T,37,54,23,65
chr5,812684036,A,G,38,41,30,70
chr5,812684245,T,C,23,25,16,31
chr5,812684265,C,G,21,32,13,34
chr5,812685253,T,C,7,15,9,19
chr5,812685257,A,G,7,16,10,18
chr5,812935347,T,C,42,43,51,69
chr5,812935537,G,C,36,31,31,50
chr5,812935584,T,C,33,27,22,42
chr5,813893159,C,T,19,11,17,7
chr5,814333837,C,T,68,104,44,117
chr5,815644537,G,A,34,45,27,49
chr5,815644951,C,T,28,39,16,47
chr5,815645010,T,C,19,32,14,31
chr5,815677378,G,A,11,15,6,20
chr5,815678169,A,G,15,39,17,49
chr5,815756625,C,T,28,31,28,37